id_vuelo;cod_aeropuerto_origen;cod_aeropuerto_destino
1;SJO;BOG
2;CUN;BOG
3;BOG;SJO
4;BOG;SAL
5;BOG;LAX
6;BOG;CUN
7;MIA;BOG
8;BOG;MIA
9;VIE;BOG
10;YVR;BOG
11;YYZ;BOG
12;NRT;BOG
13;SYD;BOG
14;SJU;BOG
15;SJD;BOG
16;FCO;BOG
17;YQB;BOG
18;CDG;BOG
19;YOW;BOG
20;OSL;BOG
21;EWR;BOG
22;MUC;BOG
23;YUL;BOG
24;MTY;BOG
25;MXP;BOG
26;MEX;BOG
27;LHR;BOG
28;BJX;BOG
29;HND;BOG
30;JNB;BOG
31;ICN;BOG
32;IAH;BOG
33;GUA;BOG
34;GDL;BOG
35;GVA;BOG
36;FRA;BOG
37;YHZ;BOG
38;DXB;BOG
39;CZM;BOG
40;YYC;BOG
41;BRU;BOG
42;BZN;BOG
43;BOG;FRA
44;BOG;MUC
45;BOG;SYD
46;BOG;VIE
47;BOG;BRU
48;BOG;BZE
49;BOG;YOW
50;BOG;YQB
51;BOG;YQM
52;BOG;YUL
53;BOG;YVR
54;BOG;YYC
55;BOG;YYZ
56;BOG;PVG
57;BOG;BER
58;BOG;DEL
59;BOG;DBV
60;BOG;DXB
61;BOG;BCN
62;BOG;MAD
63;BOG;BZN
64;BOG;EWR
65;BOG;HND
66;BOG;IAH
67;BOG;GUM
68;BOG;GUA
69;BOG;AMS
70;BOG;LHR
71;BOG;LHR
72;BOG;DUB
73;BOG;MXP
74;BOG;NRT
75;BOG;BJX
76;BOG;CUN
77;BOG;CZM
78;BOG;GDL
79;BOG;MEX
80;BOG;MTY
81;BOG;SJD
82;BOG;OSL
83;BOG;AKL
84;BOG;LIS
85;BOG;SJU
86;BOG;JNB
87;BOG;TPE
88;BER;BOG
89;AKL;BOG
90;AMS;BOG
91;ZRH;BOG
92;ZAG;BOG
93;DEL;BOG
94;WAW;BOG
95;VIE;BOG
96;VCE;BOG
97;NUE;BOG
98;NRT;BOG
99;LGW;BOG
100;PVG;BOG
101;LEJ;BOG
102;STR;BOG
103;VAR;BOG
104;SIN;BOG
105;SKG;BOG
106;LOS;BOG
107;FCO;BOG
108;RUH;BOG
109;RIX;BOG
110;DOH;BOG
111;PRG;BOG
112;OPO;BOG
113;CDG;BOG
114;PMO;BOG
115;OSL;BOG
116;CAN;BOG
117;NCE;BOG
118;NAP;BOG
119;MUC;BOG
120;BOM;BOG
121;VKO;BOG
122;MXP;BOG
123;MRS;BOG
124;RAK;BOG
125;MNL;BOG
126;MLA;BOG
127;MAD;BOG
128;LHR;BOG
129;LIS;BOG
130;HND;BOG
131;KWI;BOG
132;KUL;BOG
133;JNB;BOG
134;ADB;BOG
135;ICN;BOG
136;HKG;BOG
137;HAJ;BOG
138;HAM;BOG
139;FRA;BOG
140;ARN;BOG
141;IST;BOG
142;IST;BOG
143;DUS;BOG
144;DXB;BOG
145;DSS;BOG
146;COO;BOG
147;CPH;BOG
148;CKY;BOG
149;LAD;BOG
150;CMN;BOG
151;BUD;BOG
152;OTP;BOG
153;BRU;BOG
154;BGI;BOG
155;BLQ;BOG
156;BOG;FRA
157;BOG;HAM
158;BOG;LEJ
159;BOG;MUC
160;BOG;DUS
161;BOG;RUH
162;BOG;ALG
163;BOG;VIE
164;BOG;BRU
165;BOG;COO
166;BOG;PEK
167;BOG;PVG
168;BOG;CAI
169;BOG;CAN
170;BOG;DAR
171;BOG;DEL
172;BOG;HEL
173;BOG;LAD
174;BOG;LOS
175;BOG;SIN
176;BOG;STR
177;BOG;VAR
178;CAI;BOG
179;HEL;BOG
180;BOG;ABJ
181;BOG;ZAG
182;BOG;CPH
183;BOG;AUH
184;BOG;DXB
185;BOG;EDI
186;BOG;BCN
187;BOG;MAD
188;BOG;VLC
189;BOG;HND
190;BOG;ADD
191;BOG;MNL
192;BOG;CDG
193;BOG;MRS
194;BOG;TLS
195;BOG;ACC
196;BOG;ATH
197;BOG;SKG
198;BOG;CKY
199;BOG;AMS
200;BOG;HKG
201;BOG;BUD
202;BOG;BOM
203;BOG;LGW
204;BOG;LHR
205;BOG;DUB
206;BOG;BLQ
207;BOG;FCO
208;BOG;GVA
209;BOG;MXP
210;BOG;NAP
211;BOG;NRT
212;BOG;AMM
213;BOG;SCO
214;BOG;ICN
215;BOG;KWI
216;BOG;BEY
217;BOG;KUL
218;BOG;MLA
219;BOG;CMN
220;BOG;RAK
221;BOG;OSL
222;BOG;PRG
223;BOG;WAW
224;BOG;LIS
225;BOG;OPO
226;BOG;DOH
227;BOG;DLM
228;BOG;OTP
229;BOG;VKO
230;BOG;MRV
231;BOG;DSS
232;BOG;ARN
233;BOG;ZRH
234;BOG;JNB
235;BOG;TPE
236;BOG;ADB
237;BOG;ESB
238;BOG;IST
239;BOG;IST
240;BEY;BOG
241;PEK;BOG
242;BER;BOG
243;BSL;BOG
244;BCN;BOG
245;CEB;BOG
246;ATH;BOG
247;ALG;BOG
248;ESB;BOG
249;AMS;BOG
250;AMM;BOG
251;SCO;BOG
252;ADD;BOG
253;ACC;BOG
254;AUH;BOG
255;ABJ;BOG
256;VIX;BOG
257;CPQ;BOG
258;SDQ;BOG
259;SDQ;MDE
260;SCL;BOG
261;SCL;MDE
262;SAL;BOG
263;SAL;CLO
264;SAL;MDE
265;SJU;BOG
266;SJU;MDE
267;MDE;BAQ
268;MDE;BOG
269;MDE;UIO
270;MDE;MIA
271;UIO;BOG
272;UIO;MDE
273;PTY;BOG
274;PTY;MDE
275;MVD;BOG
276;MIA;BAQ
277;MIA;BOG
278;MIA;CLO
279;MIA;MDE
280;MAO;BOG
281;MAO;MDE
282;LIM;BOG
283;GUA;MDE
284;EZE;BOG
285;BCT;BOG
286;GES;MDE
287;CLO;BOG
288;CLO;MDE
289;CLO;UIO
290;BOG;MDE
291;BOG;UIO
292;BOG;SAL
293;BOG;MIA
294;BOG;LIM
295;BOG;SJU
296;BAQ;BOG
297;BAQ;UIO
298;BAQ;MIA
299;GRU;BOG
300;BOG;GRU
301;VVC;LMC
302;LMC;VVC
303;IAD;BOG
304;SAL;BOG
305;SAP;BOG
306;SJO;BOG
307;SFO;BOG
308;UIO;BOG
309;JFK;BOG
310;MEX;BOG
311;MGA;BOG
312;LAX;BOG
313;IAH;BOG
314;GUA;BOG
315;ONT;BOG
316;BOS;BOG
317;BOG;SAL
318;BOG;IAD
319;BOG;JFK
320;BOG;LAX
321;BOG;ONT
322;BOG;SFO
323;BOG;GUA
324;BOG;SAP
325;BOG;MGA
326;VVC;BOG
327;VVC;PGT
328;TBQ;CLO
329;TBQ;LOC
330;TBQ;PPN
331;PGT;BOG
332;PGT;VVC
333;PPN;GPI
334;PPN;TBQ
335;LOC;CLO
336;LOC;TBQ
337;IBE;AUC
338;IBE;BOG
339;IBE;CLO
340;GPI;PPN
341;CLO;BOG
342;CLO;LOC
343;CLO;TBQ
344;BOG;IBE
345;BOG;PGT
346;BOG;VVC
347;AUC;BOG
348;AUS;BOG
349;AUS;MDE
350;TPA;BAQ
351;TPA;BOG
352;TPA;CTG
353;TPA;MDE
354;SNA;CTG
355;SJU;BOG
356;SJU;CTG
357;SJU;MDE
358;SAT;BAQ
359;SAT;BOG
360;SAT;CLO
361;SAT;CTG
362;SAT;MDE
363;STL;BOG
364;STL;MDE
365;SMF;MDE
366;MDE;ACY
367;MDE;ATL
368;MDE;AUS
369;MDE;BDL
370;MDE;BOS
371;MDE;BUR
372;MDE;BWI
373;MDE;CHS
374;MDE;CLE
375;MDE;CLT
376;MDE;CMH
377;MDE;DFW
378;MDE;DTW
379;MDE;EWR
380;MDE;FLL
381;MDE;IAH
382;MDE;IND
383;MDE;LAS
384;MDE;LAX
385;MDE;MCI
386;MDE;MCO
387;MDE;MHT
388;MDE;MKE
389;MDE;MSY
390;MDE;MYR
391;MDE;ORD
392;MDE;PHL
393;MDE;PHX
394;MDE;PIT
395;MDE;SAT
396;MDE;SEA
397;MDE;SMF
398;MDE;TPA
399;MDE;BNA
400;MDE;SJC
401;MDE;CUN
402;MDE;SJU
403;RIC;BOG
404;RIC;CTG
405;RIC;MDE
406;PIT;AXM
407;PIT;BAQ
408;PIT;BOG
409;PIT;CLO
410;PIT;CTG
411;PIT;MDE
412;PHL;AXM
413;PHL;BAQ
414;PHL;BOG
415;PHL;CLO
416;PHL;CTG
417;PHL;MDE
418;MCO;AXM
419;MCO;BAQ
420;MCO;BOG
421;MCO;CLO
422;MCO;CTG
423;MCO;MDE
424;CLE;AXM
425;CLE;BAQ
426;CLE;BOG
427;CLE;CLO
428;CLE;CTG
429;CLE;MDE
430;CMH;AXM
431;CMH;BAQ
432;CMH;BOG
433;CMH;CLO
434;CMH;CTG
435;CMH;MDE
436;OAK;MDE
437;CLT;AXM
438;CLT;BAQ
439;CLT;BOG
440;CLT;CLO
441;CLT;CTG
442;CLT;MDE
443;ORF;BOG
444;ORF;MDE
445;EWR;AXM
446;EWR;BAQ
447;EWR;BOG
448;EWR;CLO
449;EWR;CTG
450;EWR;MDE
451;MSY;BAQ
452;MSY;BOG
453;MSY;CLO
454;MSY;CTG
455;MSY;MDE
456;BNA;AXM
457;BNA;BAQ
458;BNA;BOG
459;BNA;CLO
460;BNA;CTG
461;BNA;MDE
462;MYR;AXM
463;MYR;BAQ
464;MYR;BOG
465;MYR;CLO
466;MYR;CTG
467;MYR;MDE
468;MSP;AXM
469;MSP;BAQ
470;MSP;CTG
471;BWI;AXM
472;BWI;BAQ
473;BWI;BOG
474;BWI;CLO
475;BWI;CTG
476;BWI;MDE
477;LAX;AXM
478;LAX;BAQ
479;LAX;BOG
480;LAX;CLO
481;LAX;CTG
482;LAX;MDE
483;LAS;AXM
484;LAS;BAQ
485;LAS;BOG
486;LAS;CTG
487;LAS;MDE
488;MCI;BOG
489;MCI;CTG
490;MCI;MDE
491;IND;AXM
492;IND;BAQ
493;IND;BOG
494;IND;CLO
495;IND;CTG
496;IND;MDE
497;IAH;AXM
498;IAH;BAQ
499;IAH;BOG
500;IAH;CLO
501;IAH;CTG
502;IAH;MDE
503;FLL;AXM
504;FLL;BAQ
505;FLL;BOG
506;FLL;CLO
507;FLL;CTG
508;FLL;MDE
509;DTW;AXM
510;DTW;BAQ
511;DTW;BOG
512;DTW;CLO
513;DTW;CTG
514;DTW;MDE
515;DFW;AXM
516;DFW;BAQ
517;DFW;BOG
518;DFW;CLO
519;DFW;CTG
520;DFW;MDE
521;BDL;BOG
522;BDL;MDE
523;ORD;AXM
524;ORD;BAQ
525;ORD;BOG
526;ORD;CLO
527;ORD;CTG
528;ORD;MDE
529;CHS;MDE
530;CTG;ACY
531;CTG;ATL
532;CTG;BOI
533;CTG;BOS
534;CTG;BWI
535;CTG;CHS
536;CTG;CLE
537;CTG;CLT
538;CTG;CMH
539;CTG;DFW
540;CTG;DTW
541;CTG;EWR
542;CTG;FLL
543;CTG;IAH
544;CTG;IND
545;CTG;LAS
546;CTG;LAX
547;CTG;MCI
548;CTG;MCO
549;CTG;MEM
550;CTG;MKE
551;CTG;MSP
552;CTG;MSY
553;CTG;MYR
554;CTG;ORD
555;CTG;ORF
556;CTG;PHL
557;CTG;PHX
558;CTG;PIT
559;CTG;SAN
560;CTG;SAT
561;CTG;SDF
562;CTG;SEA
563;CTG;SMF
564;CTG;TPA
565;CTG;BNA
566;CTG;SJU
567;SJC;BOG
568;SJC;MDE
569;CLO;ACY
570;CLO;ATL
571;CLO;BOS
572;CLO;BWI
573;CLO;CLE
574;CLO;CLT
575;CLO;CMH
576;CLO;DFW
577;CLO;DTW
578;CLO;EWR
579;CLO;FLL
580;CLO;IAH
581;CLO;LAS
582;CLO;MCO
583;CLO;MSY
584;CLO;ORD
585;CLO;PHL
586;CLO;PIT
587;CLO;RDU
588;CLO;SAT
589;CLO;BNA
590;CLO;SJC
591;BOS;AXM
592;BOS;BAQ
593;BOS;BOG
594;BOS;CLO
595;BOS;CTG
596;BOS;MDE
597;BOG;ACY
598;BOG;ATL
599;BOG;AUS
600;BOG;BOI
601;BOG;BOS
602;BOG;BUR
603;BOG;BWI
604;BOG;CLE
605;BOG;CLT
606;BOG;CMH
607;BOG;DFW
608;BOG;DTW
609;BOG;EWR
610;BOG;FLL
611;BOG;IAH
612;BOG;LAS
613;BOG;LAX
614;BOG;MCI
615;BOG;MCO
616;BOG;MEM
617;BOG;MKE
618;BOG;MSP
619;BOG;MSY
620;BOG;MYR
621;BOG;ORD
622;BOG;PDX
623;BOG;PHL
624;BOG;PHX
625;BOG;PIT
626;BOG;PNS
627;BOG;RDU
628;BOG;RNO
629;BOG;SAN
630;BOG;SAT
631;BOG;SDF
632;BOG;SMF
633;BOG;SNA
634;BOG;STL
635;BOG;BNA
636;BOG;LBE
637;BOG;SJC
638;BOG;SJU
639;BAQ;ACY
640;BAQ;ATL
641;BAQ;BOS
642;BAQ;BWI
643;BAQ;CLE
644;BAQ;CLT
645;BAQ;CMH
646;BAQ;DFW
647;BAQ;DTW
648;BAQ;EWR
649;BAQ;FLL
650;BAQ;IAH
651;BAQ;LAS
652;BAQ;LAX
653;BAQ;MCO
654;BAQ;MSP
655;BAQ;MSY
656;BAQ;ORD
657;BAQ;PDX
658;BAQ;PHL
659;BAQ;PHX
660;BAQ;PIT
661;BAQ;RNO
662;BAQ;SAT
663;BAQ;TPA
664;BAQ;BNA
665;BAQ;SJU
666;ACY;AXM
667;ACY;BAQ
668;ACY;BOG
669;ACY;CLO
670;ACY;CTG
671;ACY;MDE
672;ATL;AXM
673;ATL;BAQ
674;ATL;BOG
675;ATL;CLO
676;ATL;CTG
677;ATL;MDE
678;AXM;ACY
679;AXM;ATL
680;AXM;BDL
681;AXM;BOS
682;AXM;BWI
683;AXM;CLE
684;AXM;CLT
685;AXM;CMH
686;AXM;DFW
687;AXM;DTW
688;AXM;EWR
689;AXM;FLL
690;AXM;IAH
691;AXM;LAS
692;AXM;LAX
693;AXM;MCO
694;AXM;MHT
695;AXM;MSY
696;AXM;ORD
697;AXM;PHL
698;AXM;PIT
699;AXM;SAT
700;AXM;BNA
701;PHX;BAQ
702;PHX;BOG
703;PHX;CTG
704;PHX;MDE
705;TCO;CLO
706;TBQ;CLO
707;PPN;CLO
708;PEI;CLO
709;PSO;CLO
710;EOH;CLO
711;CLO;EOH
712;CLO;IPI
713;CLO;PEI
714;CLO;PPN
715;CLO;PSO
716;CLO;TBQ
717;CLO;TCO
718;IPI;CLO
719;MIA;BOG
720;BOG;MIA
721;SCL;BOG
722;BOG;SCL
723;VVC;IDA
724;VVC;MVP
725;VVC;PCR
726;VGP;BOG
727;VLN;BOG
728;TCO;BOG
729;TCO;CLO
730;TLU;BOG
731;TLU;EOH
732;TME;BOG
733;RVE;BGA
734;RVE;BOG
735;SVI;BOG
736;SJE;BOG
737;SJE;LCH
738;ADZ;PVA
739;UIB;BUN
740;UIB;BOG
741;UIB;EOH
742;UIB;NQU
743;LQM;BOG
744;LQM;FLA
745;LQM;PUU
746;IDA;BOG
747;IDA;PCR
748;IDA;VVC
749;PCR;BOG
750;PCR;VVC
751;PUU;BOG
752;PUU;CLO
753;PUU;LQM
754;PVA;ADZ
755;PTL;BOG
756;NQU;EOH
757;NQU;UIB
758;MTB;EOH
759;MVP;BOG
760;MVP;VVC
761;EOH;APO
762;EOH;BAQ
763;EOH;BOG
764;EOH;BSC
765;EOH;CAQ
766;EOH;EBG
767;EOH;MTB
768;EOH;NQU
769;EOH;TLU
770;EOH;UIB
771;LET;LCH
772;LET;LPD
773;LET;TAP
774;TAP;LET
775;LPD;LET
776;LCH;LET
777;LCH;SJE
778;GPI;CLO
779;FLA;BOG
780;FLA;CLO
781;FLA;LQM
782;EBG;EOH
783;CZU;BOG
784;CAQ;EOH
785;APO;BOG
786;APO;EOH
787;CLO;BOG
788;CLO;FLA
789;CLO;GPI
790;CLO;IPI
791;CLO;PUU
792;CLO;TCO
793;BUN;CLO
794;BUN;BOG
795;BGA;RVE
796;BOG;UIB
797;BOG;AGH
798;BOG;APO
799;BOG;AUC
800;BOG;BUN
801;BOG;CZU
802;BOG;EOH
803;BOG;FLA
804;BOG;IDA
805;BOG;LQM
806;BOG;MVP
807;BOG;PCR
808;BOG;PTL
809;BOG;PUU
810;BOG;RVE
811;BOG;SJE
812;BOG;SVI
813;BOG;TCO
814;BOG;TLU
815;BOG;TME
816;BOG;UIB
817;BOG;VGP
818;BOG;VLN
819;BAQ;EOH
820;BSC;EOH
821;AUC;BOG
822;IPI;CLO
823;AGH;BOG
824;VVC;AGH
825;VVC;AUC
826;VVC;BOG
827;VVC;EJA
828;VVC;PGT
829;VLA;BOG
830;VGP;BOG
831;VUP;BAQ
832;VUP;LLO
833;TCO;BOG
834;TCO;PUU
835;RVE;BOG
836;SVI;BOG
837;SJE;BOG
838;9DI;BOG
839;MDE;BOG
840;RCH;LMA
841;RCH;PBL
842;OTU;EOH
843;UIO;BOG
844;7NS;BOG
845;7NS;PGT
846;7NT;BOG
847;PGT;7NS
848;PGT;BOG
849;PGT;VVC
850;PCR;AUC
851;PCR;BOG
852;PBE;BOG
853;PPN;BOG
854;PEI;BOG
855;NVA;BOG
856;MTR;BAQ
857;MTR;EOH
858;EOH;BOG
859;EOH;BSC
860;EOH;CAQ
861;EOH;CTG
862;EOH;OTU
863;EOH;PIM
864;LMA;BAQ
865;LMA;RCH
866;LMA;PBL
867;LLO;BAQ
868;LLO;LMN
869;LLO;VUP
870;PIM;EOH
871;7GL;LLO
872;FLA;BOG
873;EYP;BOG
874;LMN;7GL
875;CUC;BOG
876;CUC;SVI
877;CVN;BOG
878;CTG;BAQ
879;CTG;BOG
880;CTG;MTR
881;CCS;BOG
882;PBL;BAQ
883;PBL;LMA
884;PBL;RCH
885;CLO;BOG
886;CLO;BUN
887;BUN;BOG
888;BUN;CLO
889;BGA;BOG
890;BOG;7NS
891;BOG;7NT
892;BOG;9DI
893;BOG;AGH
894;BOG;AUC
895;BOG;BAQ
896;BOG;BGA
897;BOG;BOG
898;BOG;BUN
899;BOG;CLO
900;BOG;CTG
901;BOG;CUC
902;BOG;CVN
903;BOG;EJA
904;BOG;EOH
905;BOG;EYP
906;BOG;FLA
907;BOG;MDE
908;BOG;NVA
909;BOG;PBE
910;BOG;PCR
911;BOG;PEI
912;BOG;PGT
913;BOG;PPN
914;BOG;RVE
915;BOG;SJE
916;BOG;TCO
917;BOG;VGP
918;BOG;VLA
919;BOG;VVC
920;BOG;CCS
921;BAQ;AGH
922;BAQ;BAQ
923;BAQ;BOG
924;BAQ;CTG
925;BAQ;LLO
926;BAQ;LMA
927;BAQ;MTR
928;BAQ;VUP
929;BAQ;PBL
930;EJA;AUC
931;EJA;BOG
932;BSC;EOH
933;AUC;BOG
934;AUC;PCR
935;AUC;VVC
936;AGH;BAQ
937;AGH;BOG
938;VVC;EYP
939;VVC;IDA
940;VVC;LMC
941;VVC;MAP
942;VVC;MVP
943;VVC;PCR
944;VVC;PGM
945;VVC;SJE
946;TAR;MVP
947;SJE;VVC
948;9DI;IDA
949;IDA;9DI
950;IDA;VVC
951;PGM;IDA
952;PGM;VVC
953;PCR;VVC
954;MFR;MVP
955;MIC;MVP
956;MIS;MVP
957;MIT;MVP
958;MKA;MVP
959;MSO;MVP
960;MTC;MVP
961;MTI;MVP
962;MTN;MVP
963;MTS;MVP
964;MUR;MVP
965;MVP;CRU
966;MVP;MFR
967;MVP;MIC
968;MVP;MIS
969;MVP;MIT
970;MVP;MKA
971;MVP;MSO
972;MVP;MTC
973;MVP;MTI
974;MVP;MTN
975;MVP;MTS
976;MVP;MUR
977;MVP;TAR
978;MVP;VVC
979;MAP;VVC
980;LMC;VVC
981;EYP;VVC
982;CRU;MVP
983;VVI;LET
984;TCO;BOG
985;MDE;BOG
986;MDE;LET
987;IDA;BOG
988;IDA;PCR
989;PCR;BOG
990;EOH;APO
991;EOH;BOG
992;LET;VVI
993;LET;MDE
994;APO;MDE
995;BOG;AUC
996;BOG;EOH
997;BOG;IDA
998;BOG;MDE
999;BOG;PCR
1000;BOG;TCO
1001;AUC;BOG
1002;VVC;AUC
1003;VVC;IDA
1004;VVC;LMC
1005;VVC;MVP
1006;VVC;NVA
1007;VVC;PCR
1008;VVC;PGM
1009;VVC;RVE
1010;VVC;SJE
1011;VVC;SVI
1012;VVC;TME
1013;VVC;VVC
1014;TME;VVC
1015;RVE;VVC
1016;SVI;PUU
1017;SVI;VVC
1018;SJE;VVC
1019;LQM;FLA
1020;IDA;MVP
1021;IDA;PCR
1022;PGM;VVC
1023;PCR;VVC
1024;PUU;NVA
1025;NVA;LQM
1026;NVA;SVI
1027;NVA;VVC
1028;MVP;PIM
1029;MVP;VVC
1030;LET;MVP
1031;PIM;VVC
1032;LMC;VVC
1033;FLA;NVA
1034;AUC;TME
1035;AUC;VVC
1036;VVC;A13
1037;VVC;BMG
1038;VVC;NVA
1039;VVC;PCE
1040;VVC;PGT
1041;VVC;SJE
1042;VVC;SRO
1043;VGP;NVA
1044;SRO;PIM
1045;SRO;VVC
1046;SJE;VVC
1047;LQM;PUU
1048;PGT;PCE
1049;PGT;VVC
1050;PCE;SRO
1051;PCE;VVC
1052;PUU;VGP
1053;NVA;LQM
1054;NVA;VVC
1055;A13;VVC
1056;PIM;VVC
1057;BMG;VVC
1058;VVC;7GS
1059;VVC;9LQ
1060;VVC;A07
1061;VVC;BMG
1062;VVC;PCE
1063;VVC;PIM
1064;VVC;PUR
1065;VVC;SJE
1066;VVC;SRO
1067;SRO;7GS
1068;SRO;LEV
1069;SRO;PCE
1070;SRO;PIM
1071;SRO;VVC
1072;A07;VVC
1073;SJE;CRU
1074;SJE;LCH
1075;SJE;MFS
1076;SJE;PCA
1077;SJE;SJE
1078;SJE;VVC
1079;9LQ;SRO
1080;9LQ;VVC
1081;PCE;LEV
1082;PCE;PIM
1083;PCE;SRO
1084;PCE;VVC
1085;PCR;VVC
1086;PCA;SJE
1087;MFS;CRU
1088;MFS;SJE
1089;PUR;VVC
1090;9DE;VVC
1091;PIM;9DE
1092;PIM;9LQ
1093;PIM;LEV
1094;PIM;PCR
1095;PIM;SRO
1096;PIM;VVC
1097;LEV;7GS
1098;LEV;VVC
1099;LCH;A06
1100;LCH;SJE
1101;BMG;VVC
1102;A06;LCH
1103;7GS;PCE
1104;7GS;VVC
1105;CRU;MFS
1106;CRU;SJE
1107;ADZ;BOG
1108;EOH;BOG
1109;GIR;BOG
1110;BOG;ADZ
1111;BOG;BOG
1112;BOG;EOH
1113;BOG;GIR
1114;SCL;BOG
1115;NLU;BOG
1116;BOG;DFW
1117;BOG;MIA
1118;ATL;BOG
1119;MAD;BOG
1120;CTG;MAD
1121;BOG;CTG
1122;SGL;EOH
1123;SGL;GYM
1124;SGL;MDE
1125;MDE;EOH
1126;UIB;BBA
1127;UIB;BSC
1128;UIB;EOH
1129;UIB;JUR
1130;MTR;CPB
1131;EOH;ACD
1132;EOH;BBA
1133;EOH;BSC
1134;EOH;CAQ
1135;EOH;CPB
1136;EOH;JUR
1137;EOH;SGL
1138;JUR;EOH
1139;JUR;UIB
1140;GYM;SGL
1141;CAQ;EOH
1142;CGW;BSC
1143;CPB;EOH
1144;CPB;MTR
1145;BBA;EOH
1146;BBA;UIB
1147;BSC;CGW
1148;BSC;EOH
1149;BSC;UIB
1150;ACD;EOH
1151;VVC;GYM
1152;VUP;GYM
1153;9CU;CAA
1154;9CU;EYP
1155;9CU;ORO
1156;9CU;ORS
1157;9CU;PZR
1158;9CU;TRD
1159;9CU;TRI
1160;TRD;EYP
1161;TRD;ORS
1162;TRI;EYP
1163;TME;VVC
1164;ACR;LCH
1165;ACR;SJE
1166;CAA;9CU
1167;CAA;EYP
1168;CAA;ORS
1169;CAA;TRD
1170;SJE;ACR
1171;SJE;GYM
1172;SJE;LCH
1173;SJE;LET
1174;SGL;CTG
1175;SGL;MMP
1176;UIB;GYM
1177;PUU;GYM
1178;PUU;NVA
1179;PPN;CLO
1180;PZR;CAA
1181;PZR;EYP
1182;PSO;GYM
1183;ORS;9CU
1184;ORS;EYP
1185;ORS;TRI
1186;NVA;GYM
1187;MMP;EJA
1188;MQU;GYM
1189;ORU;ORS
1190;LET;ACR
1191;LET;LCH
1192;LET;SJE
1193;LCH;A06
1194;LCH;ACR
1195;LCH;LET
1196;IBE;GYM
1197;GIR;GIR
1198;GIR;GYM
1199;GIR;VVC
1200;EYP;9CU
1201;EYP;CAA
1202;EYP;GYM
1203;EYP;ORS
1204;EYP;PZR
1205;EYP;SJE
1206;EYP;TRD
1207;A06;LET
1208;GYM;AUC
1209;GYM;CLO
1210;GYM;CPL
1211;GYM;EJA
1212;GYM;EYP
1213;GYM;GIR
1214;GYM;GYM
1215;GYM;IBE
1216;GYM;MQU
1217;GYM;PSO
1218;GYM;PUU
1219;GYM;SGL
1220;GYM;SJE
1221;GYM;UIB
1222;GYM;VUP
1223;CPL;GYM
1224;CTG;GYM
1225;CLO;PPN
1226;EJA;GIR
1227;EJA;GYM
1228;AUC;GYM
1229;AUC;TME
1230;TLU;EOH
1231;SJE;EOH
1232;SJE;LPD
1233;UIB;BSC
1234;UIB;EOH
1235;UIB;NQU
1236;NQU;EOH
1237;NQU;UIB
1238;EOH;BSC
1239;EOH;EBG
1240;EOH;NQU
1241;EOH;SJE
1242;EOH;TLU
1243;EOH;UIB
1244;LET;LCH
1245;LET;LPD
1246;LET;TAP
1247;TAP;LET
1248;LPD;LET
1249;LPD;SJE
1250;LCH;LET
1251;EBG;EOH
1252;BSC;EOH
1253;BSC;UIB
1254;MEX;BOG
1255;BOG;MEX
1256;UIO;BOG
1257;MIA;BOG
1258;GUA;BOG
1259;BOG;MIA
1260;BOG;AMS
1261;AMS;BOG
1262;ZRH;BOG
1263;WAW;BOG
1264;TLV;BOG
1265;CDG;BOG
1266;MUC;BOG
1267;LHR;BOG
1268;HND;BOG
1269;HAM;BOG
1270;GVA;BOG
1271;FRA;BOG
1272;ARN;BOG
1273;DXB;BOG
1274;CPH;BOG
1275;BOG;FRA
1276;BOG;HAM
1277;BOG;MUC
1278;BOG;VIE
1279;BOG;BER
1280;BOG;CAI
1281;CAI;BOG
1282;BOG;CPH
1283;BOG;BCN
1284;BOG;HND
1285;BOG;CDG
1286;BOG;AMS
1287;BOG;BHX
1288;BOG;LHR
1289;BOG;GVA
1290;BOG;WAW
1291;BOG;ARN
1292;BOG;ZRH
1293;BER;BOG
1294;BCN;BOG
1295;AMS;BOG
1296;CPQ;BOG
1297;GRU;BOG
1298;MDE;UIO
1299;MDE;MIA
1300;PTY;BOG
1301;MIA;BAQ
1302;MIA;BOG
1303;MIA;CLO
1304;MAO;BOG
1305;LAX;BOG
1306;LIM;BOG
1307;BOG;UIO
1308;BOG;LAX
1309;BOG;MIA
1310;ASU;BOG
1311;SCL;BOG
1312;MIA;BOG
1313;BOG;SCL
1314;BOG;MIA
1315;UIO;BOG
1316;MIA;BAQ
1317;MIA;CLO
1318;BOG;GYE
1319;BOG;UIO
1320;CCS;BOG
1321;BOG;CCS
1322;ZPS;BGA
1323;TME;RVE
1324;RVE;BGA
1325;RVE;RAV
1326;A04;BGA
1327;SMR;BGA
1328;SGL;CTG
1329;ETO;BGA
1330;PEI;BGA
1331;OCV;AGH
1332;OCV;BGA
1333;MTR;BGA
1334;RAV;BGA
1335;CIM;BGA
1336;CTG;BGA
1337;BGA;A04
1338;BGA;AGH
1339;BGA;AUC
1340;BGA;CIM
1341;BGA;CTG
1342;BGA;EJA
1343;BGA;ETO
1344;BGA;MTR
1345;BGA;OCV
1346;BGA;PEI
1347;BGA;RVE
1348;BGA;SGL
1349;BGA;SMR
1350;BGA;TME
1351;BGA;ZPS
1352;EJA;BGA
1353;AUC;BGA
1354;AUC;RVE
1355;AGH;BGA
1356;MDE;LIM
1357;LIM;BOG
1358;LIM;CTG
1359;LIM;MDE
1360;CTG;LIM
1361;BOG;LIM
1362;SCL;BOG
1363;MDE;MIA
1364;LIM;BOG
1365;BOG;MIA
1366;IAD;BOG
1367;IAD;CTG
1368;SAL;BOG
1369;SAL;CTG
1370;SAL;MDE
1371;SJO;BAQ
1372;SJO;BOG
1373;SJO;CTG
1374;SJO;MDE
1375;MDE;SJO
1376;MDE;SAL
1377;MDE;IAD
1378;MDE;GUA
1379;MEX;BOG
1380;MEX;MDE
1381;LAX;BOG
1382;LAX;CTG
1383;LAX;MDE
1384;GUA;BAQ
1385;GUA;BOG
1386;GUA;CTG
1387;GUA;MDE
1388;EZE;BOG
1389;DFW;BOG
1390;CTG;EZE
1391;CTG;SJO
1392;CTG;SAL
1393;CTG;IAD
1394;CTG;JFK
1395;CTG;GUA
1396;CCS;BOG
1397;CUN;BOG
1398;BOG;EZE
1399;BOG;YYZ
1400;BOG;SJO
1401;BOG;SAL
1402;BOG;DFW
1403;BOG;IAD
1404;BOG;LAX
1405;BOG;GUA
1406;BOG;CUN
1407;BOG;MEX
1408;BOG;CCS
1409;ZRH;BOG
1410;ZRH;CTG
1411;ZAG;BOG
1412;ZAG;CTG
1413;DEL;BOG
1414;DEL;CTG
1415;WAW;BOG
1416;WAW;CTG
1417;VIE;BOG
1418;VIE;CTG
1419;VCE;BOG
1420;VCE;CTG
1421;VLC;BOG
1422;VLC;CTG
1423;NUE;BOG
1424;NUE;CTG
1425;TRD;BOG
1426;TLS;BOG
1427;TLS;CTG
1428;NRT;BOG
1429;NRT;CTG
1430;TPE;BOG
1431;SOU;BOG
1432;SVG;BOG
1433;SVG;CTG
1434;LGW;CTG
1435;PVG;BOG
1436;PVG;CTG
1437;SVQ;BOG
1438;SVQ;CTG
1439;STR;BOG
1440;STR;CTG
1441;SIN;BOG
1442;SIN;CTG
1443;LOS;BOG
1444;FCO;BOG
1445;FCO;CTG
1446;RUH;BOG
1447;DOH;CTG
1448;PRG;BOG
1449;PRG;CTG
1450;OPO;CTG
1451;CDG;BOG
1452;CDG;CTG
1453;OSL;BOG
1454;OSL;CTG
1455;NWI;BOG
1456;NCE;BOG
1457;NCE;CTG
1458;NCL;BOG
1459;NCL;CTG
1460;NAP;BOG
1461;MUC;BOG
1462;MUC;CTG
1463;BOM;BOG
1464;BOM;CTG
1465;MXP;CTG
1466;MRS;BOG
1467;MRS;CTG
1468;MNL;BOG
1469;MNL;CTG
1470;MLA;BOG
1471;AGP;BOG
1472;AGP;CTG
1473;MAD;BOG
1474;MAD;CTG
1475;LYS;BOG
1476;LYS;CTG
1477;LUX;BOG
1478;LUX;CTG
1479;LHR;BOG
1480;LHR;CTG
1481;LIS;BOG
1482;LIS;CTG
1483;LPI;BOG
1484;KUL;BOG
1485;KUL;CTG
1486;KEF;BOG
1487;KEF;CTG
1488;ICN;BOG
1489;ICN;CTG
1490;HKG;BOG
1491;HAJ;BOG
1492;HAJ;CTG
1493;HAM;BOG
1494;HAM;CTG
1495;GLA;BOG
1496;GLA;CTG
1497;GVA;BOG
1498;GVA;CTG
1499;FRA;BOG
1500;FRA;CTG
1501;FAO;BOG
1502;FAO;CTG
1503;ARN;BOG
1504;ARN;CTG
1505;IST;BOG
1506;SAW;BOG
1507;EDI;BOG
1508;EDI;CTG
1509;DUS;BOG
1510;DUS;CTG
1511;DUB;BOG
1512;DUB;CTG
1513;DXB;BOG
1514;DXB;CTG
1515;CPH;BOG
1516;CPH;CTG
1517;FLR;CTG
1518;CTG;FRA
1519;CTG;HAJ
1520;CTG;HAM
1521;CTG;MUC
1522;CTG;DUS
1523;CTG;VIE
1524;CTG;BRU
1525;CTG;SVG
1526;CTG;PEK
1527;CTG;PVG
1528;CTG;BER
1529;CTG;DEL
1530;CTG;FLR
1531;CTG;HEL
1532;CTG;LPA
1533;CTG;NUE
1534;CTG;SIN
1535;CTG;STR
1536;CTG;TRD
1537;CTG;ZAG
1538;CTG;BLL
1539;CTG;CPH
1540;CTG;AUH
1541;CTG;DXB
1542;CTG;EDI
1543;CTG;AGP
1544;CTG;ALC
1545;CTG;BCN
1546;CTG;BIO
1547;CTG;MAD
1548;CTG;PMI
1549;CTG;VLC
1550;CTG;MNL
1551;CTG;BOD
1552;CTG;CDG
1553;CTG;LYS
1554;CTG;MRS
1555;CTG;NCE
1556;CTG;TLS
1557;CTG;NTE
1558;CTG;ATH
1559;CTG;AMS
1560;CTG;HKG
1561;CTG;BUD
1562;CTG;BOM
1563;CTG;ABZ
1564;CTG;BHX
1565;CTG;CWL
1566;CTG;GLA
1567;CTG;LHR
1568;CTG;SOU
1569;CTG;BRS
1570;CTG;NCL
1571;CTG;NWI
1572;CTG;DUB
1573;CTG;KEF
1574;CTG;TLV
1575;CTG;BLQ
1576;CTG;FCO
1577;CTG;GVA
1578;CTG;MXP
1579;CTG;VCE
1580;CTG;ICN
1581;CTG;RIX
1582;CTG;LUX
1583;CTG;KUL
1584;CTG;MLA
1585;CTG;CMN
1586;CTG;OSL
1587;CTG;PRG
1588;CTG;WAW
1589;CTG;LIS
1590;CTG;OPO
1591;CTG;FAO
1592;CTG;OTP
1593;CTG;ARN
1594;CTG;LPI
1595;CTG;BSL
1596;CTG;ZRH
1597;CTG;SAW
1598;CTG;IST
1599;CWL;BOG
1600;BUD;BOG
1601;BUD;CTG
1602;OTP;BOG
1603;OTP;CTG
1604;BRU;BOG
1605;BRU;CTG
1606;BRS;BOG
1607;BRS;CTG
1608;NTE;BOG
1609;NTE;CTG
1610;BOD;BOG
1611;BOD;CTG
1612;BLQ;BOG
1613;BLQ;CTG
1614;BOG;FRA
1615;BOG;HAJ
1616;BOG;HAM
1617;BOG;MUC
1618;BOG;DUS
1619;BOG;RUH
1620;BOG;VIE
1621;BOG;BRU
1622;BOG;PEK
1623;BOG;PVG
1624;BOG;BER
1625;BOG;DEL
1626;BOG;FLR
1627;BOG;HEL
1628;BOG;LOS
1629;BOG;LPA
1630;BOG;NUE
1631;BOG;SIN
1632;BOG;STR
1633;BOG;TRD
1634;HEL;BOG
1635;HEL;CTG
1636;BOG;ZAG
1637;BOG;BLL
1638;BOG;CPH
1639;BOG;DXB
1640;BOG;EDI
1641;BOG;AGP
1642;BOG;ALC
1643;BOG;BCN
1644;BOG;BIO
1645;BOG;IBZ
1646;BOG;MAD
1647;BOG;SVQ
1648;BOG;VLC
1649;BOG;MNL
1650;BOG;BOD
1651;BOG;CDG
1652;BOG;LYS
1653;BOG;MRS
1654;BOG;NCE
1655;BOG;TLS
1656;BOG;NTE
1657;BOG;ACC
1658;BOG;ATH
1659;BOG;AMS
1660;BOG;HKG
1661;BOG;BUD
1662;BOG;BOM
1663;BOG;ABZ
1664;BOG;BHX
1665;BOG;CWL
1666;BOG;GLA
1667;BOG;LHR
1668;BOG;BRS
1669;BOG;NCL
1670;BOG;NWI
1671;BOG;DUB
1672;BOG;KEF
1673;BOG;TLV
1674;BOG;BLQ
1675;BOG;FCO
1676;BOG;GVA
1677;BOG;MXP
1678;BOG;NAP
1679;BOG;PSA
1680;BOG;VCE
1681;BOG;NRT
1682;BOG;ICN
1683;BOG;RIX
1684;BOG;LUX
1685;BOG;KUL
1686;BOG;MLA
1687;BOG;OSL
1688;BOG;SVG
1689;BOG;PRG
1690;BOG;WAW
1691;BOG;FNC
1692;BOG;LIS
1693;BOG;OPO
1694;BOG;FAO
1695;BOG;OTP
1696;BOG;ARN
1697;BOG;LPI
1698;BOG;BSL
1699;BOG;ZRH
1700;BOG;TPE
1701;BOG;SAW
1702;BOG;IST
1703;BHX;BOG
1704;BHX;CTG
1705;BLL;BOG
1706;BLL;CTG
1707;BIO;BOG
1708;BIO;CTG
1709;PEK;BOG
1710;PEK;CTG
1711;MST;BOG
1712;BER;BOG
1713;BER;CTG
1714;BSL;BOG
1715;BSL;CTG
1716;BCN;BOG
1717;BCN;CTG
1718;ATH;BOG
1719;ATH;CTG
1720;AMS;BOG
1721;AMS;CTG
1722;ALC;BOG
1723;ALC;CTG
1724;ACC;BOG
1725;ABZ;BOG
1726;ABZ;CTG
1727;MDE;LIM
1728;LIM;CTG
1729;LIM;CUC
1730;LIM;MDE
1731;CUC;LIM
1732;CTG;LIM
1733;SCL;BOG
1734;SCL;CLO
1735;SCL;MDE
1736;MDE;SCL
1737;CLO;ANF
1738;CLO;SCL
1739;BOG;SCL
1740;ANF;CLO
1741;YVR;CTG
1742;SEA;CTG
1743;SJU;BOG
1744;SJU;MDE
1745;SFO;BOG
1746;SFO;CTG
1747;SFO;MDE
1748;SAN;BOG
1749;SAN;MDE
1750;SMF;CTG
1751;ROC;CTG
1752;MDE;ALB
1753;MDE;ATL
1754;MDE;BDL
1755;MDE;BOS
1756;MDE;CHS
1757;MDE;EWR
1758;MDE;FLL
1759;MDE;HPN
1760;MDE;JFK
1761;MDE;LAS
1762;MDE;LAX
1763;MDE;PVD
1764;MDE;RDU
1765;MDE;RIC
1766;MDE;SFO
1767;MDE;SJU
1768;RIC;MDE
1769;RDU;BOG
1770;RDU;MDE
1771;PVD;BOG
1772;PVD;MDE
1773;MCO;CTG
1774;EWR;BOG
1775;EWR;MDE
1776;JFK;BOG
1777;JFK;CTG
1778;JFK;MDE
1779;LAX;BOG
1780;LAX;CTG
1781;LAX;MDE
1782;LAS;BOG
1783;LAS;CTG
1784;LAS;MDE
1785;FLL;BOG
1786;FLL;CTG
1787;FLL;MDE
1788;BDL;MDE
1789;DEN;CTG
1790;CHS;BOG
1791;CHS;MDE
1792;CTG;BOS
1793;CTG;FLL
1794;CTG;JFK
1795;CTG;MCO
1796;CTG;SJU
1797;ONT;CTG
1798;PSP;CTG
1799;BOS;BOG
1800;BOS;CTG
1801;BOS;MDE
1802;BOG;ALB
1803;BOG;ATL
1804;BOG;BDL
1805;BOG;BOS
1806;BOG;CHS
1807;BOG;EWR
1808;BOG;FLL
1809;BOG;HPN
1810;BOG;JFK
1811;BOG;LAS
1812;BOG;LAX
1813;BOG;PVD
1814;BOG;RDU
1815;BOG;RIC
1816;BOG;SFO
1817;BOG;SJU
1818;ATL;MDE
1819;PHX;CTG
1820;MDE;CUR
1821;CUR;MDE
1822;VUP;MDE
1823;TLC;BOG
1824;LIR;BAQ
1825;LIR;MDE
1826;MDE;BAQ
1827;MDE;BOG
1828;MDE;CLO
1829;MDE;CTG
1830;MDE;CUC
1831;MDE;MDE
1832;MDE;PEI
1833;MDE;DEN
1834;MDE;OPF
1835;MDE;TEB
1836;MDE;LIR
1837;MDE;PTY
1838;MDE;LIM
1839;PEI;MDE
1840;PTY;MDE
1841;TEB;MDE
1842;MIA;MDE
1843;LIM;MDE
1844;TAP;TLC
1845;FLL;MDE
1846;OPF;MDE
1847;CUC;BGA
1848;CTG;MDE
1849;CLO;MDE
1850;BGA;VUP
1851;BOG;MDE
1852;BOG;TAP
1853;BOG;LIR
1854;BAQ;MDE
1855;MAD;BOG
1856;BOG;MAD
1857;VUP;CTG
1858;VUP;MTR
1859;VUP;SMR
1860;AUS;BOG
1861;SMR;BOG
1862;SMR;CTG
1863;MDE;EOH
1864;RCH;CTG
1865;PAC;BOG
1866;PAC;CTG
1867;MTR;BOG
1868;MTR;CTG
1869;MTR;VUP
1870;EOH;MTR
1871;CZU;RCH
1872;CTG;BAQ
1873;CTG;BOG
1874;CTG;MTR
1875;CTG;VUP
1876;CTG;PAC
1877;CCS;BOG
1878;BGA;BAQ
1879;BOG;BAQ
1880;BOG;MTR
1881;BOG;SMR
1882;BOG;VUP
1883;BOG;UIO
1884;BOG;AUS
1885;BOG;OPF
1886;BOG;PAC
1887;BOG;CCS
1888;BAQ;BGA
1889;BAQ;BOG
1890;BAQ;CZU
1891;BAQ;EOH
1892;AUA;BAQ
1893;VUP;EOH
1894;UIB;BSC
1895;UIB;EOH
1896;UIB;NQU
1897;PEI;EOH
1898;PSO;EOH
1899;NQU;BSC
1900;NQU;EOH
1901;MTR;EOH
1902;EOH;BAQ
1903;EOH;BGA
1904;EOH;BSC
1905;EOH;CLO
1906;EOH;COG
1907;EOH;CTG
1908;EOH;EOH
1909;EOH;MTR
1910;EOH;NQU
1911;EOH;PEI
1912;EOH;UIB
1913;EOH;VUP
1914;COG;EOH
1915;CTG;EOH
1916;CLO;EOH
1917;CLO;PSO
1918;BGA;EOH
1919;BGA;VUP
1920;BAQ;EOH
1921;BSC;EOH
1922;BSC;UIB
1923;VLA;PEI
1924;VDF;EOH
1925;URR;EOH
1926;TLU;EOH
1927;A04;EOH
1928;MDE;EOH
1929;UIB;EOH
1930;UIB;NQU
1931;PEI;EOH
1932;PEI;EYP
1933;PEI;MDE
1934;NQU;UIB
1935;MTR;MDE
1936;EOH;A04
1937;EOH;BAQ
1938;EOH;BGA
1939;EOH;BSC
1940;EOH;CLO
1941;EOH;CTG
1942;EOH;EJA
1943;EOH;EOH
1944;EOH;IPI
1945;EOH;MTR
1946;EOH;NQU
1947;EOH;PEI
1948;EOH;URR
1949;EOH;VDF
1950;EYP;VLA
1951;CTG;BGA
1952;CTG;SGL
1953;CTG;TLU
1954;CLO;EOH
1955;BGA;A04
1956;BGA;AGH
1957;BGA;CTG
1958;BGA;EOH
1959;BAQ;EOH
1960;EJA;A04
1961;BSC;EOH
1962;IPI;EOH
1963;AGH;BGA
1964;VUP;EOH
1965;URR;BSC
1966;URR;EOH
1967;A04;EOH
1968;UIB;EOH
1969;PPN;EOH
1970;EOH;A04
1971;EOH;BSC
1972;EOH;CAQ
1973;EOH;EJA
1974;EOH;EOH
1975;EOH;PPN
1976;EOH;UIB
1977;EOH;URR
1978;EOH;VUP
1979;CAQ;EOH
1980;EJA;EOH
1981;BSC;EOH
1982;PBM;BGA
1983;MDE;MIA
1984;MIA;BOG
1985;MIA;BOG
1986;MEM;BOG
1987;BOG;MDE
1988;BOG;MIA
1989;MDE;BON
1990;CUR;BAQ
1991;BON;MDE
1992;BAQ;CUR
1993;NLU;BOG
1994;BOG;MIA
1995;ZRH;BOG
1996;ZRH;BOG
1997;WAW;BOG
1998;VIE;BOG
1999;TLV;BOG
2000;CDG;BOG
2001;MUC;BOG
2002;LHR;BOG
2003;HAM;BOG
2004;GVA;BOG
2005;ARN;BOG
2006;DXB;BOG
2007;BOG;HAM
2008;BOG;VIE
2009;BOG;BER
2010;BOG;DXB
2011;BOG;BCN
2012;BOG;CDG
2013;BOG;AMS
2014;BOG;LHR
2015;BOG;TLV
2016;BOG;GVA
2017;BOG;WAW
2018;BOG;ARN
2019;BOG;ZRH
2020;BOG;ZRH
2021;BER;BOG
2022;BCN;BOG
2023;AMS;BOG
2024;VVC;BOG
2025;VVC;CLO
2026;VVC;EOH
2027;VVC;PGT
2028;VUP;BAQ
2029;VUP;EOH
2030;TCO;CLO
2031;TLU;EOH
2032;RVE;BGA
2033;SMR;EOH
2034;SJE;BOG
2035;MDE;BOG
2036;MDE;EOH
2037;MDE;MTR
2038;UIB;APO
2039;UIB;BOG
2040;UIB;CLO
2041;UIB;EOH
2042;PGT;BOG
2043;PGT;VVC
2044;PUU;BOG
2045;PUU;CLO
2046;PPN;BOG
2047;PTL;BOG
2048;PEI;BOG
2049;PEI;EOH
2050;PEI;MZL
2051;PSO;CLO
2052;NQU;EOH
2053;NVA;BOG
2054;NVA;PTL
2055;MTR;BAQ
2056;MTR;EOH
2057;MTR;MDE
2058;MTR;PEI
2059;MTR;TLU
2060;EOH;APO
2061;EOH;AXM
2062;EOH;BAQ
2063;EOH;BGA
2064;EOH;BOG
2065;EOH;BSC
2066;EOH;CLO
2067;EOH;CTG
2068;EOH;CUC
2069;EOH;CZU
2070;EOH;IBE
2071;EOH;MTR
2072;EOH;MZL
2073;EOH;NQU
2074;EOH;PEI
2075;EOH;SMR
2076;EOH;TLU
2077;EOH;UIB
2078;EOH;VUP
2079;EOH;VVC
2080;MZL;BOG
2081;MZL;EOH
2082;IBE;EOH
2083;GPI;CLO
2084;FLA;BOG
2085;FLA;NVA
2086;FLA;PTL
2087;EYP;BGA
2088;EYP;BOG
2089;CUC;AUC
2090;CUC;BGA
2091;CUC;BOG
2092;CUC;EOH
2093;CZU;EOH
2094;CTG;EOH
2095;APO;EOH
2096;APO;UIB
2097;CLO;BOG
2098;CLO;EOH
2099;CLO;GPI
2100;CLO;MDE
2101;CLO;PSO
2102;CLO;PUU
2103;CLO;TCO
2104;CLO;UIB
2105;CLO;VVC
2106;BGA;AUC
2107;BGA;BOG
2108;BGA;CUC
2109;BGA;EOH
2110;BGA;EYP
2111;BGA;MDE
2112;BGA;RVE
2113;BOG;AUC
2114;BOG;BGA
2115;BOG;CLO
2116;BOG;CUC
2117;BOG;EJA
2118;BOG;EOH
2119;BOG;EYP
2120;BOG;FLA
2121;BOG;MZL
2122;BOG;NVA
2123;BOG;PEI
2124;BOG;PGT
2125;BOG;PPN
2126;BOG;PTL
2127;BOG;PUU
2128;BOG;SJE
2129;BOG;UIB
2130;BOG;VVC
2131;BAQ;EOH
2132;BAQ;MTR
2133;BAQ;PEI
2134;BAQ;VUP
2135;EJA;BOG
2136;BSC;EOH
2137;AXM;EOH
2138;AUC;BGA
2139;AUC;BOG
2140;AUC;CUC
2141;PTY;BOG
2142;CCS;BOG
2143;BOG;PTY
2144;BOG;CCS
2145;LFT;CTG
2146;MKE;BOG
2147;MKE;CTG
2148;ATW;BOG
2149;ATW;CTG
2150;YWG;BOG
2151;PBI;CTG
2152;BLI;BOG
2153;IAD;BOG
2154;IAD;CTG
2155;DCA;BOG
2156;DCA;CTG
2157;PSC;BOG
2158;CHO;CTG
2159;BTV;BOG
2160;VCE;BOG
2161;YVR;CTG
2162;TRI;BOG
2163;TVC;BOG
2164;YYZ;BOG
2165;YYZ;CTG
2166;NRT;BOG
2167;AUS;BOG
2168;AUS;CTG
2169;TPA;BOG
2170;TPA;CTG
2171;SYR;BOG
2172;SYD;BOG
2173;FSD;BOG
2174;SGF;BOG
2175;PVG;BOG
2176;SEA;BOG
2177;SEA;CTG
2178;CID;BOG
2179;STI;BOG
2180;STR;BOG
2181;SBN;BOG
2182;SBN;CTG
2183;SFO;BOG
2184;SFO;CTG
2185;SAN;BOG
2186;SAT;BOG
2187;SAT;CTG
2188;DAB;BOG
2189;DAB;CTG
2190;SLC;BOG
2191;SLC;CTG
2192;STL;BOG
2193;STL;CTG
2194;SMF;BOG
2195;ROC;BOG
2196;ROC;CTG
2197;RIC;BOG
2198;RIC;CTG
2199;RDU;BOG
2200;RDU;CTG
2201;PVD;BOG
2202;PWM;BOG
2203;PWM;CTG
2204;PIT;BOG
2205;PIT;CTG
2206;PHL;BOG
2207;PHL;CTG
2208;AVP;BOG
2209;PNS;BOG
2210;CDG;BOG
2211;ECP;BOG
2212;ECP;CTG
2213;MCO;BOG
2214;MCO;CTG
2215;PDX;BOG
2216;PDX;CTG
2217;YXU;BOG
2218;OKC;BOG
2219;OKC;CTG
2220;TUL;CTG
2221;CLE;BOG
2222;CLE;CTG
2223;CMH;BOG
2224;CMH;CTG
2225;ABQ;BOG
2226;AVL;BOG
2227;AVL;CTG
2228;CLT;BOG
2229;CLT;CTG
2230;GSO;BOG
2231;GSO;CTG
2232;ORF;BOG
2233;ORF;CTG
2234;ALB;BOG
2235;ALB;CTG
2236;BUF;BOG
2237;BUF;CTG
2238;EWR;BOG
2239;EWR;CTG
2240;HPN;BOG
2241;HPN;CTG
2242;JFK;BOG
2243;JFK;CTG
2244;LGA;BOG
2245;LGA;CTG
2246;MSY;BOG
2247;MSY;CTG
2248;OMA;BOG
2249;OMA;CTG
2250;BNA;BOG
2251;BNA;CTG
2252;MYR;BOG
2253;MYR;CTG
2254;BOM;BOG
2255;BAH;BOG
2256;YUL;BOG
2257;MTY;BOG
2258;MSN;BOG
2259;MSN;CTG
2260;MSO;BOG
2261;MSP;BOG
2262;MSP;CTG
2263;GRR;BOG
2264;GRR;CTG
2265;MIA;BOG
2266;MIA;CTG
2267;MEM;BOG
2268;MEM;CTG
2269;BWI;BOG
2270;BWI;CTG
2271;LAX;BOG
2272;LAX;CTG
2273;LHR;BOG
2274;LAS;BOG
2275;LAS;CTG
2276;TYS;BOG
2277;KIN;BOG
2278;LEX;BOG
2279;LEX;CTG
2280;SDF;BOG
2281;SDF;CTG
2282;ICT;CTG
2283;MCI;BOG
2284;MCI;CTG
2285;JAN;BOG
2286;JAN;CTG
2287;JAC;BOG
2288;ITH;BOG
2289;DSM;BOG
2290;DSM;CTG
2291;IND;BOG
2292;IND;CTG
2293;ICN;BOG
2294;BMI;BOG
2295;MLI;BOG
2296;HOU;CTG
2297;IAH;BOG
2298;IAH;CTG
2299;HNL;BOG
2300;HNL;CTG
2301;HKG;BOG
2302;HAV;BOG
2303;GPT;CTG
2304;GRB;BOG
2305;GRB;CTG
2306;CRK;BOG
2307;AGS;BOG
2308;AGS;CTG
2309;SAV;BOG
2310;SAV;CTG
2311;GNV;BOG
2312;FWA;BOG
2313;FLL;BOG
2314;FLL;CTG
2315;EYW;BOG
2316;JAX;BOG
2317;JAX;CTG
2318;RSW;BOG
2319;RSW;CTG
2320;SRQ;BOG
2321;TLH;CTG
2322;VPS;BOG
2323;VPS;CTG
2324;FAY;CTG
2325;CHA;BOG
2326;DUB;BOG
2327;DHN;BOG
2328;DTW;BOG
2329;DTW;CTG
2330;DRB;BOG
2331;DAY;BOG
2332;DAL;CTG
2333;DFW;BOG
2334;DFW;CTG
2335;MOT;BOG
2336;BDL;BOG
2337;BDL;CTG
2338;CSG;BOG
2339;DEN;BOG
2340;DEN;CTG
2341;CVG;BOG
2342;CVG;CTG
2343;MDW;BOG
2344;MDW;CTG
2345;ORD;BOG
2346;ORD;CTG
2347;CHS;BOG
2348;CHS;CTG
2349;CRW;BOG
2350;CTG;YUL
2351;CTG;YYZ
2352;CTG;CHO
2353;CTG;ELM
2354;CTG;LFT
2355;CTG;MSN
2356;CTG;SBN
2357;CTG;AGS
2358;CTG;ALB
2359;CTG;ATL
2360;CTG;AUS
2361;CTG;AVL
2362;CTG;BDL
2363;CTG;BHM
2364;CTG;BMI
2365;CTG;BOS
2366;CTG;BUF
2367;CTG;BWI
2368;CTG;CHS
2369;CTG;CID
2370;CTG;CLE
2371;CTG;CLT
2372;CTG;CMH
2373;CTG;CVG
2374;CTG;DAL
2375;CTG;DEN
2376;CTG;DFW
2377;CTG;DTW
2378;CTG;EWN
2379;CTG;EWR
2380;CTG;FAY
2381;CTG;FLL
2382;CTG;GSO
2383;CTG;HOU
2384;CTG;HSV
2385;CTG;IAD
2386;CTG;IAH
2387;CTG;ICT
2388;CTG;IND
2389;CTG;JAN
2390;CTG;JAX
2391;CTG;JFK
2392;CTG;LAS
2393;CTG;LAX
2394;CTG;LEX
2395;CTG;LIT
2396;CTG;MCI
2397;CTG;MCO
2398;CTG;MDW
2399;CTG;MEM
2400;CTG;MIA
2401;CTG;MKE
2402;CTG;MSP
2403;CTG;MSY
2404;CTG;MYR
2405;CTG;ORD
2406;CTG;ORF
2407;CTG;PBI
2408;CTG;PHL
2409;CTG;PHX
2410;CTG;PIT
2411;CTG;PVD
2412;CTG;PWM
2413;CTG;RDU
2414;CTG;RIC
2415;CTG;ROC
2416;CTG;RSW
2417;CTG;SAN
2418;CTG;SAT
2419;CTG;SAV
2420;CTG;SDF
2421;CTG;SEA
2422;CTG;SFO
2423;CTG;SHV
2424;CTG;SNA
2425;CTG;SRQ
2426;CTG;STL
2427;CTG;SYR
2428;CTG;TLH
2429;CTG;TPA
2430;CTG;TUL
2431;CTG;TUS
2432;CTG;XNA
2433;CTG;BNA
2434;CTG;ATW
2435;CTG;DSM
2436;CTG;GSP
2437;CTG;SLC
2438;CTG;VPS
2439;CTG;DCA
2440;CTG;GRB
2441;CTG;LGA
2442;CTG;MLB
2443;CTG;MOB
2444;CTG;CDG
2445;CTG;AMS
2446;CTG;LHR
2447;CTG;MAN
2448;CTG;ECP
2449;CTG;EBB
2450;CAE;BOG
2451;CAE;CTG
2452;GSP;BOG
2453;GSP;CTG
2454;ELP;BOG
2455;ONT;BOG
2456;SJC;BOG
2457;YYC;CTG
2458;ABE;BOG
2459;ABE;CTG
2460;BOS;BOG
2461;BOS;CTG
2462;BOG;FRA
2463;BOG;MUC
2464;BOG;DUS
2465;BOG;NAS
2466;BOG;BDA
2467;BOG;YQB
2468;BOG;YUL
2469;BOG;YYC
2470;BOG;YYZ
2471;BOG;YXU
2472;BOG;PVG
2473;BOG;CHA
2474;BOG;DEL
2475;BOG;ELM
2476;BOG;LOS
2477;BOG;MSN
2478;BOG;MSO
2479;BOG;SBN
2480;BOG;STR
2481;BOG;TRI
2482;BOG;BCN
2483;BOG;MAD
2484;BOG;ABQ
2485;BOG;AGS
2486;BOG;ATL
2487;BOG;AUS
2488;BOG;AVL
2489;BOG;BDL
2490;BOG;BHM
2491;BOG;BMI
2492;BOG;BOI
2493;BOG;BOS
2494;BOG;BTV
2495;BOG;BUF
2496;BOG;BWI
2497;BOG;CAE
2498;BOG;CHS
2499;BOG;CID
2500;BOG;CLE
2501;BOG;CLT
2502;BOG;CMH
2503;BOG;COS
2504;BOG;CRW
2505;BOG;CVG
2506;BOG;DAL
2507;BOG;DAY
2508;BOG;DEN
2509;BOG;DFW
2510;BOG;DLH
2511;BOG;DTW
2512;BOG;EWN
2513;BOG;EWR
2514;BOG;EYW
2515;BOG;FAY
2516;BOG;FLL
2517;BOG;GSO
2518;BOG;HND
2519;BOG;HOU
2520;BOG;HPN
2521;BOG;HSV
2522;BOG;IAD
2523;BOG;IAH
2524;BOG;ICT
2525;BOG;ILM
2526;BOG;IND
2527;BOG;JAN
2528;BOG;JAX
2529;BOG;JFK
2530;BOG;LAS
2531;BOG;LAX
2532;BOG;LEX
2533;BOG;LIT
2534;BOG;LNK
2535;BOG;MBS
2536;BOG;MCI
2537;BOG;MCO
2538;BOG;MDW
2539;BOG;MEM
2540;BOG;MIA
2541;BOG;MKE
2542;BOG;MLI
2543;BOG;MLU
2544;BOG;MSP
2545;BOG;MSY
2546;BOG;OKC
2547;BOG;OMA
2548;BOG;ONT
2549;BOG;ORD
2550;BOG;ORF
2551;BOG;PBI
2552;BOG;PDX
2553;BOG;PHL
2554;BOG;PHX
2555;BOG;PIT
2556;BOG;PNS
2557;BOG;PSP
2558;BOG;PVD
2559;BOG;PWM
2560;BOG;RDU
2561;BOG;RIC
2562;BOG;ROA
2563;BOG;ROC
2564;BOG;RST
2565;BOG;RSW
2566;BOG;SAN
2567;BOG;SAT
2568;BOG;SAV
2569;BOG;SDF
2570;BOG;SEA
2571;BOG;SFO
2572;BOG;SMF
2573;BOG;SNA
2574;BOG;SRQ
2575;BOG;STL
2576;BOG;SYR
2577;BOG;TLH
2578;BOG;TPA
2579;BOG;TUL
2580;BOG;TUS
2581;BOG;TYS
2582;BOG;VLD
2583;BOG;XNA
2584;BOG;BNA
2585;BOG;SJC
2586;BOG;ATW
2587;BOG;CSG
2588;BOG;DSM
2589;BOG;GSP
2590;BOG;MGM
2591;BOG;SCE
2592;BOG;SLC
2593;BOG;VPS
2594;BOG;CDG
2595;BOG;NCE
2596;BOG;AMS
2597;BOG;HKG
2598;BOG;BOM
2599;BOG;LHR
2600;BOG;DUB
2601;BOG;KEF
2602;BOG;FCO
2603;BOG;MXP
2604;BOG;VCE
2605;BOG;KIN
2606;BOG;NRT
2607;BOG;ICN
2608;BOG;ECP
2609;BOG;SJU
2610;BOG;DAB
2611;BOG;SDQ
2612;BOG;SVO
2613;BAQ;BOG
2614;BCN;BOG
2615;ATL;BOG
2616;ATL;CTG
2617;XNA;BOG
2618;PHX;BOG
2619;TUS;BOG
2620;AMS;BOG
2621;BHM;BOG
2622;BHM;CTG
2623;HSV;CTG
2624;MOB;BOG
2625;IAD;ADZ
2626;IAD;AXM
2627;IAD;BAQ
2628;IAD;BGA
2629;IAD;BOG
2630;IAD;CLO
2631;IAD;CTG
2632;IAD;CUC
2633;IAD;MDE
2634;IAD;PEI
2635;IAD;SMR
2636;VVI;ADZ
2637;VVI;BAQ
2638;VVI;BGA
2639;VVI;BOG
2640;VVI;CLO
2641;VVI;CTG
2642;VVI;MDE
2643;VVI;PEI
2644;VVI;SMR
2645;VLN;BAQ
2646;VLN;BGA
2647;VLN;BOG
2648;VLN;CLO
2649;VLN;CTG
2650;VLN;MDE
2651;VLN;PEI
2652;YYZ;ADZ
2653;YYZ;BAQ
2654;YYZ;BOG
2655;YYZ;CLO
2656;YYZ;CTG
2657;YYZ;MDE
2658;YYZ;PEI
2659;YYZ;SMR
2660;AUS;BAQ
2661;AUS;BOG
2662;AUS;CLO
2663;AUS;CTG
2664;AUS;MDE
2665;AUS;PEI
2666;TPA;BAQ
2667;TPA;BOG
2668;TPA;CLO
2669;TPA;CTG
2670;TPA;CUC
2671;TPA;MDE
2672;TPA;SMR
2673;GRU;ADZ
2674;GRU;AXM
2675;GRU;BAQ
2676;GRU;BGA
2677;GRU;BOG
2678;GRU;CLO
2679;GRU;CTG
2680;GRU;CUC
2681;GRU;MDE
2682;GRU;PEI
2683;GRU;SMR
2684;SDQ;AXM
2685;SDQ;BAQ
2686;SDQ;BGA
2687;SDQ;BOG
2688;SDQ;CLO
2689;SDQ;CTG
2690;SDQ;CUC
2691;SDQ;MDE
2692;SDQ;PEI
2693;SDQ;SMR
2694;SCL;ADZ
2695;SCL;AXM
2696;SCL;BAQ
2697;SCL;BGA
2698;SCL;BOG
2699;SCL;CLO
2700;SCL;CTG
2701;SCL;CUC
2702;SCL;MDE
2703;SCL;PEI
2704;SCL;SMR
2705;SMR;AUA
2706;SMR;CUR
2707;SMR;COR
2708;SMR;EZE
2709;SMR;MDZ
2710;SMR;CNF
2711;SMR;GIG
2712;SMR;GRU
2713;SMR;YUL
2714;SMR;YYZ
2715;SMR;SCL
2716;SMR;BAQ
2717;SMR;CTG
2718;SMR;SJO
2719;SMR;HAV
2720;SMR;GYE
2721;SMR;UIO
2722;SMR;SAL
2723;SMR;DEN
2724;SMR;FLL
2725;SMR;IAD
2726;SMR;JFK
2727;SMR;LAS
2728;SMR;LAX
2729;SMR;MCO
2730;SMR;MIA
2731;SMR;ORD
2732;SMR;SFO
2733;SMR;GUA
2734;SMR;CUN
2735;SMR;GDL
2736;SMR;MEX
2737;SMR;MTY
2738;SMR;MGA
2739;SMR;DAV
2740;SMR;PTY
2741;SMR;ASU
2742;SMR;LIM
2743;SMR;SJU
2744;SMR;PUJ
2745;SMR;SDQ
2746;SMR;POS
2747;SMR;MVD
2748;SMR;VLN
2749;SAL;ADZ
2750;SAL;AXM
2751;SAL;BAQ
2752;SAL;BOG
2753;SAL;CLO
2754;SAL;CTG
2755;SAL;CUC
2756;SAL;MDE
2757;SAL;PEI
2758;SAL;SMR
2759;SAP;BAQ
2760;SAP;BGA
2761;SAP;BOG
2762;SAP;CLO
2763;SAP;CTG
2764;SAP;MDE
2765;SAP;PEI
2766;SXM;BAQ
2767;SXM;BOG
2768;SXM;CLO
2769;SXM;CTG
2770;SXM;MDE
2771;SXM;PEI
2772;SJU;AXM
2773;SJU;BAQ
2774;SJU;BGA
2775;SJU;BOG
2776;SJU;CLO
2777;SJU;CTG
2778;SJU;CUC
2779;SJU;MDE
2780;SJU;PEI
2781;SJU;SMR
2782;SJO;ADZ
2783;SJO;AXM
2784;SJO;BAQ
2785;SJO;BGA
2786;SJO;BOG
2787;SJO;CLO
2788;SJO;CTG
2789;SJO;CUC
2790;SJO;MDE
2791;SJO;PEI
2792;SJO;SMR
2793;SFO;ADZ
2794;SFO;AXM
2795;SFO;BAQ
2796;SFO;BGA
2797;SFO;BOG
2798;SFO;CLO
2799;SFO;CTG
2800;SFO;CUC
2801;SFO;MDE
2802;SFO;PEI
2803;SFO;SMR
2804;SNU;BOG
2805;SNU;CLO
2806;SNU;MDE
2807;SNU;PEI
2808;ADZ;AUA
2809;ADZ;CUR
2810;ADZ;SXM
2811;ADZ;COR
2812;ADZ;EZE
2813;ADZ;MDZ
2814;ADZ;ROS
2815;ADZ;VVI
2816;ADZ;BSB
2817;ADZ;CNF
2818;ADZ;GIG
2819;ADZ;GRU
2820;ADZ;MAO
2821;ADZ;POA
2822;ADZ;YUL
2823;ADZ;YYZ
2824;ADZ;SCL
2825;ADZ;SJO
2826;ADZ;GYE
2827;ADZ;MEC
2828;ADZ;UIO
2829;ADZ;SAL
2830;ADZ;BOS
2831;ADZ;DEN
2832;ADZ;FLL
2833;ADZ;IAD
2834;ADZ;JFK
2835;ADZ;LAX
2836;ADZ;MCO
2837;ADZ;MIA
2838;ADZ;ORD
2839;ADZ;SFO
2840;ADZ;GUA
2841;ADZ;SAP
2842;ADZ;KIN
2843;ADZ;CUN
2844;ADZ;MEX
2845;ADZ;MGA
2846;ADZ;PTY
2847;ADZ;ASU
2848;ADZ;LIM
2849;ADZ;SJU
2850;ADZ;PUJ
2851;ADZ;POS
2852;ADZ;MVD
2853;ADZ;CCS
2854;ROS;ADZ
2855;ROS;BAQ
2856;ROS;BGA
2857;ROS;BOG
2858;ROS;CLO
2859;ROS;CTG
2860;ROS;MDE
2861;ROS;SMR
2862;MDE;AUA
2863;MDE;CUR
2864;MDE;SXM
2865;MDE;COR
2866;MDE;EZE
2867;MDE;MDZ
2868;MDE;ROS
2869;MDE;NAS
2870;MDE;BGI
2871;MDE;BZE
2872;MDE;VVI
2873;MDE;BSB
2874;MDE;CNF
2875;MDE;GIG
2876;MDE;GRU
2877;MDE;MAO
2878;MDE;POA
2879;MDE;YUL
2880;MDE;YYZ
2881;MDE;SCL
2882;MDE;ADZ
2883;MDE;BOG
2884;MDE;SNU
2885;MDE;SJO
2886;MDE;HAV
2887;MDE;GYE
2888;MDE;MEC
2889;MDE;UIO
2890;MDE;SAL
2891;MDE;ATL
2892;MDE;AUS
2893;MDE;BOS
2894;MDE;BWI
2895;MDE;DEN
2896;MDE;FLL
2897;MDE;IAD
2898;MDE;JFK
2899;MDE;LAS
2900;MDE;LAX
2901;MDE;MCO
2902;MDE;MIA
2903;MDE;ORD
2904;MDE;SFO
2905;MDE;TPA
2906;MDE;GUA
2907;MDE;GEO
2908;MDE;SAP
2909;MDE;KIN
2910;MDE;MBJ
2911;MDE;CUN
2912;MDE;GDL
2913;MDE;MEX
2914;MDE;MTY
2915;MDE;NLU
2916;MDE;MGA
2917;MDE;DAV
2918;MDE;PTY
2919;MDE;ASU
2920;MDE;LIM
2921;MDE;SJU
2922;MDE;PUJ
2923;MDE;SDQ
2924;MDE;PBM
2925;MDE;POS
2926;MDE;MVD
2927;MDE;BLA
2928;MDE;BRM
2929;MDE;CCS
2930;MDE;MAR
2931;MDE;VLN
2932;GIG;ADZ
2933;GIG;AXM
2934;GIG;BAQ
2935;GIG;BGA
2936;GIG;BOG
2937;GIG;CLO
2938;GIG;CTG
2939;GIG;CUC
2940;GIG;MDE
2941;GIG;PEI
2942;GIG;SMR
2943;UIO;ADZ
2944;UIO;AXM
2945;UIO;BAQ
2946;UIO;BGA
2947;UIO;BOG
2948;UIO;CLO
2949;UIO;CTG
2950;UIO;CUC
2951;UIO;MDE
2952;UIO;PEI
2953;UIO;SMR
2954;PUJ;ADZ
2955;PUJ;BAQ
2956;PUJ;BGA
2957;PUJ;BOG
2958;PUJ;CLO
2959;PUJ;CTG
2960;PUJ;MDE
2961;PUJ;PEI
2962;POS;ADZ
2963;POS;BAQ
2964;POS;BGA
2965;POS;BOG
2966;POS;CLO
2967;POS;CTG
2968;POS;CUC
2969;POS;MDE
2970;POS;SMR
2971;POA;ADZ
2972;POA;AXM
2973;POA;BAQ
2974;POA;BGA
2975;POA;BOG
2976;POA;CLO
2977;POA;CTG
2978;POA;MDE
2979;POA;PEI
2980;POA;SMR
2981;PEI;AUA
2982;PEI;CUR
2983;PEI;SXM
2984;PEI;COR
2985;PEI;EZE
2986;PEI;MDZ
2987;PEI;ROS
2988;PEI;NAS
2989;PEI;BGI
2990;PEI;BZE
2991;PEI;VVI
2992;PEI;BSB
2993;PEI;CNF
2994;PEI;GIG
2995;PEI;GRU
2996;PEI;POA
2997;PEI;YUL
2998;PEI;YYZ
2999;PEI;SCL
3000;PEI;SJO
3001;PEI;HAV
3002;PEI;GYE
3003;PEI;MEC
3004;PEI;UIO
3005;PEI;SAL
3006;PEI;ATL
3007;PEI;AUS
3008;PEI;BOS
3009;PEI;BWI
3010;PEI;DEN
3011;PEI;FLL
3012;PEI;IAD
3013;PEI;JFK
3014;PEI;LAS
3015;PEI;LAX
3016;PEI;MCO
3017;PEI;MIA
3018;PEI;ORD
3019;PEI;SFO
3020;PEI;TPA
3021;PEI;GUA
3022;PEI;SAP
3023;PEI;KIN
3024;PEI;MBJ
3025;PEI;CUN
3026;PEI;MEX
3027;PEI;NLU
3028;PEI;MGA
3029;PEI;DAV
3030;PEI;PTY
3031;PEI;ASU
3032;PEI;LIM
3033;PEI;SJU
3034;PEI;PUJ
3035;PEI;SDQ
3036;PEI;PBM
3037;PEI;MVD
3038;PEI;BRM
3039;PEI;CCS
3040;PEI;MAR
3041;PEI;VLN
3042;PBM;BAQ
3043;PBM;BOG
3044;PBM;CLO
3045;PBM;CTG
3046;PBM;MDE
3047;PTY;BOG
3048;PTY;ADZ
3049;PTY;AXM
3050;PTY;BAQ
3051;PTY;BGA
3052;PTY;BOG
3053;PTY;CLO
3054;PTY;CTG
3055;PTY;CUC
3056;PTY;MDE
3057;PTY;PEI
3058;PTY;SMR
3059;MCO;ADZ
3060;MCO;AXM
3061;MCO;BAQ
3062;MCO;BGA
3063;MCO;BOG
3064;MCO;CLO
3065;MCO;CTG
3066;MCO;CUC
3067;MCO;MDE
3068;MCO;PEI
3069;MCO;SMR
3070;JFK;ADZ
3071;JFK;AXM
3072;JFK;BAQ
3073;JFK;BGA
3074;JFK;BOG
3075;JFK;CLO
3076;JFK;CTG
3077;JFK;CUC
3078;JFK;MDE
3079;JFK;PEI
3080;JFK;SMR
3081;NAS;BAQ
3082;NAS;BOG
3083;NAS;CLO
3084;NAS;CTG
3085;NAS;MDE
3086;YUL;BAQ
3087;YUL;BOG
3088;YUL;CLO
3089;YUL;CTG
3090;YUL;MDE
3091;YUL;PEI
3092;MVD;ADZ
3093;MVD;AXM
3094;MVD;BAQ
3095;MVD;BGA
3096;MVD;BOG
3097;MVD;CLO
3098;MVD;CTG
3099;MVD;CUC
3100;MVD;MDE
3101;MVD;PEI
3102;MVD;SMR
3103;MTY;BAQ
3104;MTY;BOG
3105;MTY;CLO
3106;MTY;CTG
3107;MTY;MDE
3108;MTY;SMR
3109;MBJ;BAQ
3110;MBJ;BOG
3111;MBJ;CLO
3112;MBJ;CTG
3113;MBJ;MDE
3114;MBJ;PEI
3115;MBJ;SMR
3116;MIA;ADZ
3117;MIA;AXM
3118;MIA;BAQ
3119;MIA;BGA
3120;MIA;BOG
3121;MIA;CLO
3122;MIA;CTG
3123;MIA;CUC
3124;MIA;MDE
3125;MIA;PEI
3126;MIA;SMR
3127;MEX;ADZ
3128;MEX;AXM
3129;MEX;BAQ
3130;MEX;BGA
3131;MEX;BOG
3132;MEX;CLO
3133;MEX;CTG
3134;MEX;CUC
3135;MEX;MDE
3136;MEX;PEI
3137;MEX;SMR
3138;NLU;BAQ
3139;NLU;BOG
3140;NLU;CLO
3141;NLU;CTG
3142;NLU;MDE
3143;NLU;PEI
3144;MDZ;ADZ
3145;MDZ;BAQ
3146;MDZ;BOG
3147;MDZ;CLO
3148;MDZ;CTG
3149;MDZ;MDE
3150;MDZ;SMR
3151;BWI;BAQ
3152;BWI;BOG
3153;BWI;CLO
3154;BWI;CTG
3155;BWI;MDE
3156;MAR;BAQ
3157;MAR;BGA
3158;MAR;BOG
3159;MAR;CLO
3160;MAR;CTG
3161;MAR;MDE
3162;MAR;PEI
3163;MEC;BAQ
3164;MEC;BOG
3165;MEC;CLO
3166;MEC;CTG
3167;MEC;MDE
3168;MAO;BOG
3169;MAO;CLO
3170;MAO;CTG
3171;MAO;CUC
3172;MAO;MDE
3173;MGA;ADZ
3174;MGA;BAQ
3175;MGA;BGA
3176;MGA;BOG
3177;MGA;CLO
3178;MGA;CTG
3179;MGA;MDE
3180;MGA;PEI
3181;MGA;SMR
3182;LAX;ADZ
3183;LAX;AXM
3184;LAX;BAQ
3185;LAX;BGA
3186;LAX;BOG
3187;LAX;CLO
3188;LAX;CTG
3189;LAX;CUC
3190;LAX;MDE
3191;LAX;PEI
3192;LAX;SMR
3193;LIM;ADZ
3194;LIM;AXM
3195;LIM;BAQ
3196;LIM;BGA
3197;LIM;BOG
3198;LIM;CLO
3199;LIM;CTG
3200;LIM;CUC
3201;LIM;MDE
3202;LIM;PEI
3203;LIM;SMR
3204;LAS;AXM
3205;LAS;BAQ
3206;LAS;BGA
3207;LAS;BOG
3208;LAS;CLO
3209;LAS;CTG
3210;LAS;CUC
3211;LAS;MDE
3212;LAS;PEI
3213;LAS;SMR
3214;KIN;ADZ
3215;KIN;BAQ
3216;KIN;BOG
3217;KIN;CLO
3218;KIN;CTG
3219;KIN;MDE
3220;KIN;PEI
3221;HAV;AXM
3222;HAV;BAQ
3223;HAV;BGA
3224;HAV;BOG
3225;HAV;CLO
3226;HAV;CTG
3227;HAV;CUC
3228;HAV;MDE
3229;HAV;PEI
3230;HAV;SMR
3231;GYE;ADZ
3232;GYE;AXM
3233;GYE;BAQ
3234;GYE;BGA
3235;GYE;BOG
3236;GYE;CLO
3237;GYE;CTG
3238;GYE;CUC
3239;GYE;MDE
3240;GYE;PEI
3241;GYE;SMR
3242;GUA;AXM
3243;GUA;BAQ
3244;GUA;BGA
3245;GUA;BOG
3246;GUA;CLO
3247;GUA;CTG
3248;GUA;CUC
3249;GUA;MDE
3250;GUA;PEI
3251;GUA;SMR
3252;GDL;BAQ
3253;GDL;BOG
3254;GDL;CLO
3255;GDL;CTG
3256;GDL;CUC
3257;GDL;MDE
3258;GDL;PEI
3259;GDL;SMR
3260;GEO;BAQ
3261;GEO;BOG
3262;GEO;CLO
3263;GEO;CTG
3264;GEO;MDE
3265;GEO;SMR
3266;FLL;ADZ
3267;FLL;BAQ
3268;FLL;BOG
3269;FLL;CLO
3270;FLL;CTG
3271;FLL;MDE
3272;EZE;ADZ
3273;EZE;AXM
3274;EZE;BAQ
3275;EZE;BGA
3276;EZE;BOG
3277;EZE;CLO
3278;EZE;CTG
3279;EZE;CUC
3280;EZE;MDE
3281;EZE;PEI
3282;EZE;SMR
3283;DAV;AXM
3284;DAV;BAQ
3285;DAV;BGA
3286;DAV;BOG
3287;DAV;CLO
3288;DAV;CTG
3289;DAV;MDE
3290;DAV;PEI
3291;DAV;SMR
3292;CUR;BAQ
3293;CUR;BGA
3294;CUR;BOG
3295;CUR;CLO
3296;CUR;CTG
3297;CUR;MDE
3298;CUR;PEI
3299;CUC;COR
3300;CUC;EZE
3301;CUC;ROS
3302;CUC;GIG
3303;CUC;GRU
3304;CUC;YUL
3305;CUC;YYZ
3306;CUC;SCL
3307;CUC;BOG
3308;CUC;SJO
3309;CUC;GYE
3310;CUC;UIO
3311;CUC;SAL
3312;CUC;BOS
3313;CUC;IAD
3314;CUC;JFK
3315;CUC;LAS
3316;CUC;LAX
3317;CUC;MCO
3318;CUC;MIA
3319;CUC;ORD
3320;CUC;SFO
3321;CUC;TPA
3322;CUC;GUA
3323;CUC;CUN
3324;CUC;GDL
3325;CUC;MEX
3326;CUC;MTY
3327;CUC;PTY
3328;CUC;ASU
3329;CUC;LIM
3330;CUC;SJU
3331;CUC;SDQ
3332;CUC;POS
3333;CUC;MVD
3334;CUC;CCS
3335;COR;ADZ
3336;COR;AXM
3337;COR;BAQ
3338;COR;BOG
3339;COR;CLO
3340;COR;CTG
3341;COR;CUC
3342;COR;MDE
3343;COR;PEI
3344;COR;SMR
3345;DEN;ADZ
3346;DEN;AXM
3347;DEN;BAQ
3348;DEN;BGA
3349;DEN;BOG
3350;DEN;CLO
3351;DEN;CTG
3352;DEN;CUC
3353;DEN;MDE
3354;DEN;PEI
3355;DEN;SMR
3356;ORD;BAQ
3357;ORD;BGA
3358;ORD;BOG
3359;ORD;CLO
3360;ORD;CTG
3361;ORD;CUC
3362;ORD;MDE
3363;ORD;PEI
3364;CTG;AUA
3365;CTG;CUR
3366;CTG;COR
3367;CTG;EZE
3368;CTG;MDZ
3369;CTG;ROS
3370;CTG;NAS
3371;CTG;BGI
3372;CTG;BZE
3373;CTG;VVI
3374;CTG;BSB
3375;CTG;CNF
3376;CTG;GIG
3377;CTG;GRU
3378;CTG;MAO
3379;CTG;POA
3380;CTG;YUL
3381;CTG;YYZ
3382;CTG;SCL
3383;CTG;BOG
3384;CTG;MDE
3385;CTG;SJO
3386;CTG;HAV
3387;CTG;GYE
3388;CTG;MEC
3389;CTG;UIO
3390;CTG;SAL
3391;CTG;ATL
3392;CTG;AUS
3393;CTG;BOS
3394;CTG;BWI
3395;CTG;DEN
3396;CTG;FLL
3397;CTG;IAD
3398;CTG;JFK
3399;CTG;LAS
3400;CTG;LAX
3401;CTG;MCO
3402;CTG;MIA
3403;CTG;ORD
3404;CTG;SFO
3405;CTG;TPA
3406;CTG;GUA
3407;CTG;GEO
3408;CTG;SAP
3409;CTG;KIN
3410;CTG;MBJ
3411;CTG;CUN
3412;CTG;GDL
3413;CTG;MEX
3414;CTG;MTY
3415;CTG;NLU
3416;CTG;MGA
3417;CTG;DAV
3418;CTG;PTY
3419;CTG;ASU
3420;CTG;LIM
3421;CTG;SJU
3422;CTG;PUJ
3423;CTG;SDQ
3424;CTG;PBM
3425;CTG;POS
3426;CTG;MVD
3427;CTG;BLA
3428;CTG;BRM
3429;CTG;CCS
3430;CTG;MAR
3431;CTG;VLN
3432;CCS;AXM
3433;CCS;BAQ
3434;CCS;BGA
3435;CCS;BOG
3436;CCS;CLO
3437;CCS;CTG
3438;CCS;CUC
3439;CCS;MDE
3440;CCS;PEI
3441;CCS;SMR
3442;CUN;ADZ
3443;CUN;AXM
3444;CUN;BAQ
3445;CUN;BGA
3446;CUN;BOG
3447;CUN;CLO
3448;CUN;CTG
3449;CUN;CUC
3450;CUN;MDE
3451;CUN;PEI
3452;CUN;SMR
3453;CLO;AUA
3454;CLO;CUR
3455;CLO;SXM
3456;CLO;COR
3457;CLO;EZE
3458;CLO;MDZ
3459;CLO;ROS
3460;CLO;NAS
3461;CLO;BGI
3462;CLO;BZE
3463;CLO;VVI
3464;CLO;BSB
3465;CLO;CNF
3466;CLO;GIG
3467;CLO;GRU
3468;CLO;MAO
3469;CLO;POA
3470;CLO;YUL
3471;CLO;YYZ
3472;CLO;SCL
3473;CLO;BAQ
3474;CLO;MDE
3475;CLO;SJO
3476;CLO;HAV
3477;CLO;GYE
3478;CLO;MEC
3479;CLO;UIO
3480;CLO;SAL
3481;CLO;ATL
3482;CLO;AUS
3483;CLO;BOS
3484;CLO;BWI
3485;CLO;DEN
3486;CLO;FLL
3487;CLO;IAD
3488;CLO;JFK
3489;CLO;LAS
3490;CLO;LAX
3491;CLO;MCO
3492;CLO;MIA
3493;CLO;ORD
3494;CLO;SFO
3495;CLO;TPA
3496;CLO;GUA
3497;CLO;GEO
3498;CLO;SAP
3499;CLO;KIN
3500;CLO;MBJ
3501;CLO;CUN
3502;CLO;GDL
3503;CLO;MEX
3504;CLO;MTY
3505;CLO;NLU
3506;CLO;MGA
3507;CLO;DAV
3508;CLO;PTY
3509;CLO;ASU
3510;CLO;LIM
3511;CLO;SJU
3512;CLO;PUJ
3513;CLO;SDQ
3514;CLO;PBM
3515;CLO;POS
3516;CLO;MVD
3517;CLO;BLA
3518;CLO;BRM
3519;CLO;CCS
3520;CLO;MAR
3521;CLO;VLN
3522;BGA;AUA
3523;BGA;CUR
3524;BGA;EZE
3525;BGA;ROS
3526;BGA;BGI
3527;BGA;BSB
3528;BGA;CNF
3529;BGA;GIG
3530;BGA;GRU
3531;BGA;POA
3532;BGA;SCL
3533;BGA;BOG
3534;BGA;SJO
3535;BGA;HAV
3536;BGA;GYE
3537;BGA;UIO
3538;BGA;SAL
3539;BGA;AUS
3540;BGA;BOS
3541;BGA;BWI
3542;BGA;DEN
3543;BGA;IAD
3544;BGA;LAS
3545;BGA;LAX
3546;BGA;MCO
3547;BGA;MIA
3548;BGA;ORD
3549;BGA;SFO
3550;BGA;TPA
3551;BGA;GUA
3552;BGA;SAP
3553;BGA;CUN
3554;BGA;MEX
3555;BGA;MTY
3556;BGA;MGA
3557;BGA;DAV
3558;BGA;PTY
3559;BGA;ASU
3560;BGA;LIM
3561;BGA;SJU
3562;BGA;PUJ
3563;BGA;SDQ
3564;BGA;PBM
3565;BGA;MVD
3566;BGA;CCS
3567;BGA;VLN
3568;BGI;BAQ
3569;BGI;BOG
3570;BGI;CLO
3571;BGI;CTG
3572;BGI;MDE
3573;BGI;PEI
3574;BSB;ADZ
3575;BSB;AXM
3576;BSB;BAQ
3577;BSB;BOG
3578;BSB;CLO
3579;BSB;CTG
3580;BSB;CUC
3581;BSB;MDE
3582;BSB;PEI
3583;BSB;SMR
3584;BOS;ADZ
3585;BOS;BAQ
3586;BOS;BGA
3587;BOS;BOG
3588;BOS;CLO
3589;BOS;CTG
3590;BOS;MDE
3591;BOS;PEI
3592;BOS;SMR
3593;BOG;AUA
3594;BOG;CUR
3595;BOG;SXM
3596;BOG;COR
3597;BOG;EZE
3598;BOG;MDZ
3599;BOG;ROS
3600;BOG;NAS
3601;BOG;BGI
3602;BOG;BZE
3603;BOG;VVI
3604;BOG;BSB
3605;BOG;CNF
3606;BOG;GIG
3607;BOG;GRU
3608;BOG;MAO
3609;BOG;POA
3610;BOG;YUL
3611;BOG;YYZ
3612;BOG;SCL
3613;BOG;BAQ
3614;BOG;CTG
3615;BOG;MDE
3616;BOG;PEI
3617;BOG;SNU
3618;BOG;SJO
3619;BOG;HAV
3620;BOG;GYE
3621;BOG;MEC
3622;BOG;UIO
3623;BOG;SAL
3624;BOG;ATL
3625;BOG;AUS
3626;BOG;BOS
3627;BOG;BWI
3628;BOG;DEN
3629;BOG;FLL
3630;BOG;IAD
3631;BOG;JFK
3632;BOG;LAS
3633;BOG;LAX
3634;BOG;MCO
3635;BOG;MIA
3636;BOG;ORD
3637;BOG;SFO
3638;BOG;TPA
3639;BOG;GUA
3640;BOG;GEO
3641;BOG;SAP
3642;BOG;KIN
3643;BOG;MBJ
3644;BOG;CUN
3645;BOG;GDL
3646;BOG;MEX
3647;BOG;MTY
3648;BOG;NLU
3649;BOG;MGA
3650;BOG;PTY
3651;BOG;DAV
3652;BOG;PTY
3653;BOG;ASU
3654;BOG;LIM
3655;BOG;SJU
3656;BOG;PUJ
3657;BOG;SDQ
3658;BOG;PBM
3659;BOG;POS
3660;BOG;MVD
3661;BOG;BLA
3662;BOG;BRM
3663;BOG;CCS
3664;BOG;MAR
3665;BOG;VLN
3666;CNF;ADZ
3667;CNF;AXM
3668;CNF;BAQ
3669;CNF;BOG
3670;CNF;CLO
3671;CNF;CTG
3672;CNF;CUC
3673;CNF;MDE
3674;CNF;PEI
3675;BZE;BAQ
3676;BZE;BOG
3677;BZE;CLO
3678;BZE;CTG
3679;BZE;MDE
3680;BAQ;AUA
3681;BAQ;CUR
3682;BAQ;SXM
3683;BAQ;COR
3684;BAQ;EZE
3685;BAQ;MDZ
3686;BAQ;NAS
3687;BAQ;BGI
3688;BAQ;BZE
3689;BAQ;VVI
3690;BAQ;BSB
3691;BAQ;CNF
3692;BAQ;GIG
3693;BAQ;GRU
3694;BAQ;MAO
3695;BAQ;POA
3696;BAQ;YUL
3697;BAQ;YYZ
3698;BAQ;SCL
3699;BAQ;CTG
3700;BAQ;SJO
3701;BAQ;HAV
3702;BAQ;GYE
3703;BAQ;MEC
3704;BAQ;UIO
3705;BAQ;SAL
3706;BAQ;AUS
3707;BAQ;BOS
3708;BAQ;BWI
3709;BAQ;DEN
3710;BAQ;FLL
3711;BAQ;IAD
3712;BAQ;JFK
3713;BAQ;LAS
3714;BAQ;LAX
3715;BAQ;MCO
3716;BAQ;MIA
3717;BAQ;ORD
3718;BAQ;SFO
3719;BAQ;TPA
3720;BAQ;GUA
3721;BAQ;GEO
3722;BAQ;SAP
3723;BAQ;KIN
3724;BAQ;MBJ
3725;BAQ;CUN
3726;BAQ;GDL
3727;BAQ;MEX
3728;BAQ;MTY
3729;BAQ;MGA
3730;BAQ;DAV
3731;BAQ;PTY
3732;BAQ;ASU
3733;BAQ;LIM
3734;BAQ;SJU
3735;BAQ;PUJ
3736;BAQ;SDQ
3737;BAQ;PBM
3738;BAQ;POS
3739;BAQ;MVD
3740;BAQ;BLA
3741;BAQ;CCS
3742;BAQ;MAR
3743;BAQ;VLN
3744;BRM;BOG
3745;BRM;CLO
3746;BRM;CTG
3747;BRM;MDE
3748;BRM;PEI
3749;ATL;ADZ
3750;ATL;BAQ
3751;ATL;BOG
3752;ATL;CLO
3753;ATL;CTG
3754;ATL;MDE
3755;ATL;PEI
3756;ASU;ADZ
3757;ASU;AXM
3758;ASU;BAQ
3759;ASU;BGA
3760;ASU;BOG
3761;ASU;CLO
3762;ASU;CTG
3763;ASU;CUC
3764;ASU;MDE
3765;ASU;PEI
3766;ASU;SMR
3767;AUA;BAQ
3768;AUA;BGA
3769;AUA;BOG
3770;AUA;CLO
3771;AUA;CTG
3772;AUA;MDE
3773;AUA;PEI
3774;AUA;SMR
3775;AXM;AUA
3776;AXM;COR
3777;AXM;EZE
3778;AXM;CNF
3779;AXM;GIG
3780;AXM;GRU
3781;AXM;YUL
3782;AXM;YYZ
3783;AXM;SCL
3784;AXM;CLO
3785;AXM;MDE
3786;AXM;SJO
3787;AXM;HAV
3788;AXM;GYE
3789;AXM;UIO
3790;AXM;SAL
3791;AXM;DEN
3792;AXM;IAD
3793;AXM;JFK
3794;AXM;LAS
3795;AXM;LAX
3796;AXM;MCO
3797;AXM;MIA
3798;AXM;ORD
3799;AXM;SFO
3800;AXM;GUA
3801;AXM;CUN
3802;AXM;GDL
3803;AXM;MEX
3804;AXM;MTY
3805;AXM;MGA
3806;AXM;DAV
3807;AXM;PTY
3808;AXM;ASU
3809;AXM;LIM
3810;AXM;SJU
3811;AXM;SDQ
3812;AXM;MVD
3813;BLA;BAQ
3814;BLA;BGA
3815;BLA;BOG
3816;BLA;CLO
3817;BLA;CTG
3818;BLA;MDE
3819;VUP;BAQ
3820;VUP;CTG
3821;SMR;BAQ
3822;ADZ;BAQ
3823;MDE;BAQ
3824;RCH;BAQ
3825;PID;BOG
3826;PVA;ADZ
3827;NVA;BAQ
3828;MTR;BAQ
3829;LFL;VUP
3830;CTG;BAQ
3831;CTG;VUP
3832;BGA;MDE
3833;BOG;EJA
3834;BOG;PID
3835;BAQ;AGH
3836;BAQ;BAQ
3837;BAQ;BGA
3838;BAQ;CTG
3839;BAQ;LFL
3840;BAQ;MTR
3841;BAQ;NVA
3842;BAQ;PVA
3843;BAQ;RCH
3844;BAQ;SMR
3845;BAQ;VUP
3846;EJA;BAQ
3847;AGH;BAQ
3848;SAL;BOG
3849;LAX;BOG
3850;GUA;BOG
3851;GTK;BOG
3852;BOG;SAL
3853;BOG;LAX
3854;BOG;GTK
3855;BOG;GUA
3856;VVC;A07
3857;VVC;IDA
3858;VVC;LMC
3859;VVC;MAP
3860;VVC;MFS
3861;VVC;PCE
3862;VVC;PIM
3863;VVC;SRO
3864;VVC;TPI
3865;VVC;VVC
3866;TCO;CLO
3867;TAR;MGU
3868;TAR;MVP
3869;TAR;MVU
3870;SRO;PCR
3871;SRO;PIM
3872;SRO;VVC
3873;A04;EOH
3874;A07;MVP
3875;A07;SJE
3876;SJE;A07
3877;SJE;CRU
3878;SJE;MAP
3879;SJE;MFS
3880;SJE;MVP
3881;SJE;VVC
3882;TPI;SJE
3883;9DI;IDA
3884;UIB;EOH
3885;IDA;9DI
3886;IDA;A01
3887;IDA;PIM
3888;IDA;VVC
3889;PCE;PIM
3890;PCE;SRO
3891;PCR;SRO
3892;PCR;VVC
3893;PCA;MTN
3894;PCA;MVP
3895;9AJ;MIT
3896;9AJ;MVP
3897;MBQ;MTC
3898;MBQ;MVP
3899;MCL;MDR
3900;MCL;MVP
3901;MDR;MTN
3902;MDR;MTS
3903;MDR;MVP
3904;MFR;MTS
3905;MFR;MVP
3906;MGO;MVP
3907;MGO;MYA
3908;MGU;MVP
3909;MIS;MVP
3910;MIT;9AJ
3911;MIT;MVP
3912;MKA;MVP
3913;MPI;MVP
3914;MSA;MTI
3915;MSI;MVP
3916;MSO;MTS
3917;MSO;MVP
3918;MSR;MVP
3919;MTC;MVP
3920;MTI;MVP
3921;MTN;MGU
3922;MTN;MTI
3923;MTN;MVP
3924;MTN;PCA
3925;MTS;MVP
3926;MUR;MVP
3927;MVA;CRU
3928;MVA;MTN
3929;MVA;MVP
3930;MVP;9AJ
3931;MVP;A07
3932;MVP;CRU
3933;MVP;LPD
3934;MVP;MBQ
3935;MVP;MCL
3936;MVP;MDR
3937;MVP;MFR
3938;MVP;MGO
3939;MVP;MGU
3940;MVP;MIS
3941;MVP;MIT
3942;MVP;MKA
3943;MVP;MPI
3944;MVP;MSA
3945;MVP;MSI
3946;MVP;MSO
3947;MVP;MSR
3948;MVP;MTC
3949;MVP;MTI
3950;MVP;MTN
3951;MVP;MTS
3952;MVP;MUR
3953;MVP;MVA
3954;MVP;MVP
3955;MVP;MWA
3956;MVP;MWY
3957;MVP;MYA
3958;MVP;MYY
3959;MVP;TAR
3960;MVU;MIT
3961;MWA;MUR
3962;MWY;MVP
3963;MYA;MVP
3964;MYY;MVP
3965;MFS;MAP
3966;MFS;SJE
3967;EOH;A04
3968;EOH;ACD
3969;EOH;CAQ
3970;EOH;CLO
3971;EOH;UIB
3972;MAP;SJE
3973;MAP;VVC
3974;PIM;PCR
3975;PIM;SRO
3976;PIM;VVC
3977;LPD;MVP
3978;LMC;MAP
3979;LMC;SJE
3980;LMC;VVC
3981;A01;IDA
3982;CAQ;EOH
3983;CRU;MVP
3984;CRU;VVC
3985;CLO;EOH
3986;CLO;IPI
3987;CLO;TCO
3988;IPI;CLO
3989;ACD;EOH
3990;VVC;AXM
3991;VVC;BGA
3992;VVC;BOG
3993;VVC;CUC
3994;VVC;EJA
3995;VVC;IBE
3996;VVC;NVA
3997;VVC;PEI
3998;VVC;SMR
3999;VVC;AXM
4000;VVC;BGA
4001;VVC;BOG
4002;VVC;CUC
4003;VVC;EJA
4004;VVC;EYP
4005;VVC;IBE
4006;VVC;NVA
4007;VVC;PEI
4008;VVC;PPN
4009;VVC;SMR
4010;SMR;AXM
4011;SMR;BGA
4012;SMR;BOG
4013;SMR;CUC
4014;SMR;EJA
4015;SMR;EYP
4016;SMR;IBE
4017;SMR;NVA
4018;SMR;PEI
4019;SMR;VVC
4020;PPN;AXM
4021;PPN;BGA
4022;PPN;BOG
4023;PPN;CUC
4024;PPN;EJA
4025;PPN;EYP
4026;PPN;IBE
4027;PPN;NVA
4028;PPN;PEI
4029;PPN;SMR
4030;PPN;VVC
4031;PEI;BGA
4032;PEI;BOG
4033;PEI;CUC
4034;PEI;EJA
4035;PEI;SMR
4036;PEI;VVC
4037;NVA;AXM
4038;NVA;BGA
4039;NVA;BOG
4040;NVA;CLO
4041;NVA;CUC
4042;NVA;EJA
4043;NVA;EYP
4044;NVA;PEI
4045;NVA;PPN
4046;NVA;SMR
4047;NVA;VVC
4048;IBE;AXM
4049;IBE;BGA
4050;IBE;BOG
4051;IBE;CUC
4052;IBE;EJA
4053;IBE;EYP
4054;IBE;NVA
4055;IBE;PEI
4056;IBE;PPN
4057;IBE;SMR
4058;IBE;VVC
4059;EYP;AXM
4060;EYP;BGA
4061;EYP;BOG
4062;EYP;CUC
4063;EYP;EJA
4064;EYP;IBE
4065;EYP;NVA
4066;EYP;PEI
4067;EYP;PPN
4068;EYP;SMR
4069;EYP;VVC
4070;CUC;AXM
4071;CUC;BGA
4072;CUC;BOG
4073;CUC;EJA
4074;CUC;EYP
4075;CUC;IBE
4076;CUC;IPI
4077;CUC;NVA
4078;CUC;PEI
4079;CUC;PPN
4080;CUC;SMR
4081;CUC;VVC
4082;BGA;BOG
4083;BGA;EYP
4084;BGA;NVA
4085;BGA;PEI
4086;BGA;SMR
4087;BGA;VVC
4088;BOG;VVC
4089;BOG;AXM
4090;BOG;BGA
4091;BOG;CUC
4092;BOG;EJA
4093;BOG;EYP
4094;BOG;IBE
4095;BOG;IPI
4096;BOG;NVA
4097;BOG;PEI
4098;BOG;PPN
4099;BOG;SMR
4100;BOG;VVC
4101;EJA;AXM
4102;EJA;BGA
4103;EJA;BOG
4104;EJA;CUC
4105;EJA;EYP
4106;EJA;IBE
4107;EJA;NVA
4108;EJA;PEI
4109;EJA;PPN
4110;EJA;SMR
4111;EJA;VVC
4112;AXM;BGA
4113;AXM;BOG
4114;AXM;CUC
4115;AXM;EJA
4116;AXM;EYP
4117;AXM;IBE
4118;AXM;IPI
4119;AXM;NVA
4120;AXM;PEI
4121;AXM;PPN
4122;AXM;SMR
4123;AXM;VVC
4124;IPI;AXM
4125;IPI;BGA
4126;IPI;BOG
4127;IPI;CUC
4128;IPI;EJA
4129;IPI;IBE
4130;IPI;NVA
4131;IPI;PEI
4132;IPI;SMR
4133;IPI;VVC
4134;IAD;BOG
4135;IAD;BOG
4136;IAD;MDE
4137;VUP;AUA
4138;VUP;CUR
4139;VUP;EZE
4140;VUP;LPB
4141;VUP;GIG
4142;VUP;GRU
4143;VUP;YYZ
4144;VUP;SCL
4145;VUP;ADZ
4146;VUP;AXM
4147;VUP;BAQ
4148;VUP;BGA
4149;VUP;BOG
4150;VUP;CLO
4151;VUP;CTG
4152;VUP;CUC
4153;VUP;EJA
4154;VUP;LET
4155;VUP;MDE
4156;VUP;MTR
4157;VUP;PEI
4158;VUP;PSO
4159;VUP;SMR
4160;VUP;SJO
4161;VUP;UIO
4162;VUP;SAL
4163;VUP;BCN
4164;VUP;MAD
4165;VUP;BOS
4166;VUP;FLL
4167;VUP;JFK
4168;VUP;LAX
4169;VUP;MCO
4170;VUP;MIA
4171;VUP;GUA
4172;VUP;LHR
4173;VUP;CUN
4174;VUP;MEX
4175;VUP;PTY
4176;VUP;ASU
4177;VUP;CUZ
4178;VUP;LIM
4179;VUP;SJU
4180;VUP;PUJ
4181;VUP;SDQ
4182;VUP;MVD
4183;VUP;CCS
4184;YYZ;BAQ
4185;YYZ;BOG
4186;YYZ;MDE
4187;GRU;BOG
4188;SDQ;BOG
4189;SCL;BOG
4190;SCL;CTG
4191;SMR;AUA
4192;SMR;CUR
4193;SMR;EZE
4194;SMR;LPB
4195;SMR;CNF
4196;SMR;GIG
4197;SMR;GRU
4198;SMR;YYZ
4199;SMR;SCL
4200;SMR;ADZ
4201;SMR;AXM
4202;SMR;BAQ
4203;SMR;BGA
4204;SMR;BOG
4205;SMR;CLO
4206;SMR;CTG
4207;SMR;CUC
4208;SMR;EJA
4209;SMR;LET
4210;SMR;MDE
4211;SMR;MTR
4212;SMR;PEI
4213;SMR;PSO
4214;SMR;RCH
4215;SMR;VUP
4216;SMR;SJO
4217;SMR;UIO
4218;SMR;SAL
4219;SMR;BCN
4220;SMR;MAD
4221;SMR;BOS
4222;SMR;JFK
4223;SMR;LAX
4224;SMR;MCO
4225;SMR;MIA
4226;SMR;GUA
4227;SMR;SAP
4228;SMR;LHR
4229;SMR;CUN
4230;SMR;MEX
4231;SMR;PTY
4232;SMR;ASU
4233;SMR;CUZ
4234;SMR;LIM
4235;SMR;SJU
4236;SMR;PUJ
4237;SMR;SDQ
4238;SMR;MVD
4239;SMR;CCS
4240;SAL;BOG
4241;SAL;BAQ
4242;SAL;BOG
4243;SAP;BOG
4244;SJU;BOG
4245;SJO;BOG
4246;SJO;BOG
4247;ADZ;AUA
4248;ADZ;CUR
4249;ADZ;EZE
4250;ADZ;LPB
4251;ADZ;CNF
4252;ADZ;GIG
4253;ADZ;GRU
4254;ADZ;MAO
4255;ADZ;YYZ
4256;ADZ;SCL
4257;ADZ;AXM
4258;ADZ;BAQ
4259;ADZ;BGA
4260;ADZ;BOG
4261;ADZ;CLO
4262;ADZ;CTG
4263;ADZ;CUC
4264;ADZ;EJA
4265;ADZ;LET
4266;ADZ;MDE
4267;ADZ;MTR
4268;ADZ;PEI
4269;ADZ;PSO
4270;ADZ;RCH
4271;ADZ;SMR
4272;ADZ;VUP
4273;ADZ;SJO
4274;ADZ;UIO
4275;ADZ;SAL
4276;ADZ;BCN
4277;ADZ;MAD
4278;ADZ;BOS
4279;ADZ;FLL
4280;ADZ;JFK
4281;ADZ;LAX
4282;ADZ;MCO
4283;ADZ;MIA
4284;ADZ;GUA
4285;ADZ;LHR
4286;ADZ;CUN
4287;ADZ;MEX
4288;ADZ;PTY
4289;ADZ;ASU
4290;ADZ;LIM
4291;ADZ;SJU
4292;ADZ;PUJ
4293;ADZ;SDQ
4294;ADZ;MVD
4295;ADZ;CCS
4296;MDE;AUA
4297;MDE;CUR
4298;MDE;EZE
4299;MDE;NAS
4300;MDE;LPB
4301;MDE;CNF
4302;MDE;GIG
4303;MDE;GRU
4304;MDE;MAO
4305;MDE;YYZ
4306;MDE;SCL
4307;MDE;BGA
4308;MDE;BOG
4309;MDE;CLO
4310;MDE;ADZ
4311;MDE;AXM
4312;MDE;BAQ
4313;MDE;BGA
4314;MDE;BOG
4315;MDE;CLO
4316;MDE;CTG
4317;MDE;CUC
4318;MDE;EJA
4319;MDE;LET
4320;MDE;MTR
4321;MDE;PEI
4322;MDE;PSO
4323;MDE;RCH
4324;MDE;SMR
4325;MDE;VUP
4326;MDE;SJO
4327;MDE;UIO
4328;MDE;SAL
4329;MDE;BCN
4330;MDE;MAD
4331;MDE;BOS
4332;MDE;FLL
4333;MDE;IAD
4334;MDE;JFK
4335;MDE;LAX
4336;MDE;MCO
4337;MDE;MIA
4338;MDE;GUA
4339;MDE;SAP
4340;MDE;LHR
4341;MDE;CUN
4342;MDE;MEX
4343;MDE;PTY
4344;MDE;ASU
4345;MDE;CUZ
4346;MDE;LIM
4347;MDE;SJU
4348;MDE;PUJ
4349;MDE;SDQ
4350;MDE;MVD
4351;MDE;CCS
4352;RCH;AUA
4353;RCH;CUR
4354;RCH;EZE
4355;RCH;LPB
4356;RCH;GIG
4357;RCH;SCL
4358;RCH;ADZ
4359;RCH;AXM
4360;RCH;BAQ
4361;RCH;BGA
4362;RCH;BOG
4363;RCH;CLO
4364;RCH;CTG
4365;RCH;CUC
4366;RCH;EJA
4367;RCH;LET
4368;RCH;MDE
4369;RCH;MTR
4370;RCH;PEI
4371;RCH;PSO
4372;RCH;SMR
4373;RCH;VUP
4374;RCH;SJO
4375;RCH;UIO
4376;RCH;SAL
4377;RCH;BCN
4378;RCH;MAD
4379;RCH;BOS
4380;RCH;JFK
4381;RCH;MCO
4382;RCH;MIA
4383;RCH;GUA
4384;RCH;SAP
4385;RCH;LHR
4386;RCH;CUN
4387;RCH;MEX
4388;RCH;PTY
4389;RCH;LIM
4390;RCH;SJU
4391;RCH;SDQ
4392;RCH;CCS
4393;GIG;BOG
4394;UIO;BOG
4395;PUJ;BOG
4396;PUJ;MDE
4397;PEI;AUA
4398;PEI;CUR
4399;PEI;EZE
4400;PEI;LPB
4401;PEI;CNF
4402;PEI;GIG
4403;PEI;GRU
4404;PEI;MAO
4405;PEI;YYZ
4406;PEI;SCL
4407;PEI;SCL
4408;PEI;ADZ
4409;PEI;BOG
4410;PEI;CTG
4411;PEI;CUC
4412;PEI;LET
4413;PEI;MDE
4414;PEI;ADZ
4415;PEI;AXM
4416;PEI;BAQ
4417;PEI;BGA
4418;PEI;BOG
4419;PEI;CLO
4420;PEI;CTG
4421;PEI;CUC
4422;PEI;EJA
4423;PEI;LET
4424;PEI;MDE
4425;PEI;MTR
4426;PEI;PSO
4427;PEI;RCH
4428;PEI;SMR
4429;PEI;VUP
4430;PEI;SJO
4431;PEI;UIO
4432;PEI;SAL
4433;PEI;BCN
4434;PEI;BCN
4435;PEI;MAD
4436;PEI;BOS
4437;PEI;FLL
4438;PEI;IAD
4439;PEI;JFK
4440;PEI;LAX
4441;PEI;MCO
4442;PEI;MIA
4443;PEI;GUA
4444;PEI;SAP
4445;PEI;LHR
4446;PEI;CUN
4447;PEI;MEX
4448;PEI;PTY
4449;PEI;PTY
4450;PEI;ASU
4451;PEI;CUZ
4452;PEI;LIM
4453;PEI;SJU
4454;PEI;PUJ
4455;PEI;SDQ
4456;PEI;MVD
4457;PEI;CCS
4458;PSO;AUA
4459;PSO;CUR
4460;PSO;EZE
4461;PSO;LPB
4462;PSO;CNF
4463;PSO;GIG
4464;PSO;GRU
4465;PSO;MAO
4466;PSO;YYZ
4467;PSO;SCL
4468;PSO;ADZ
4469;PSO;AXM
4470;PSO;BAQ
4471;PSO;BGA
4472;PSO;BOG
4473;PSO;CLO
4474;PSO;CTG
4475;PSO;CUC
4476;PSO;EJA
4477;PSO;LET
4478;PSO;MDE
4479;PSO;MTR
4480;PSO;PEI
4481;PSO;RCH
4482;PSO;SMR
4483;PSO;VUP
4484;PSO;SJO
4485;PSO;UIO
4486;PSO;SAL
4487;PSO;BCN
4488;PSO;MAD
4489;PSO;JFK
4490;PSO;LAX
4491;PSO;MIA
4492;PSO;GUA
4493;PSO;LHR
4494;PSO;CUN
4495;PSO;MEX
4496;PSO;PTY
4497;PSO;LIM
4498;PSO;PUJ
4499;PSO;SDQ
4500;PSO;MVD
4501;PSO;CCS
4502;PTY;BOG
4503;MCO;BOG
4504;JFK;BOG
4505;JFK;CTG
4506;JFK;MDE
4507;MVD;BOG
4508;MTR;AUA
4509;MTR;CUR
4510;MTR;EZE
4511;MTR;LPB
4512;MTR;CNF
4513;MTR;GIG
4514;MTR;GRU
4515;MTR;YYZ
4516;MTR;SCL
4517;MTR;ADZ
4518;MTR;AXM
4519;MTR;BAQ
4520;MTR;BGA
4521;MTR;BOG
4522;MTR;CLO
4523;MTR;CTG
4524;MTR;CUC
4525;MTR;EJA
4526;MTR;LET
4527;MTR;MDE
4528;MTR;PEI
4529;MTR;PSO
4530;MTR;RCH
4531;MTR;SMR
4532;MTR;VUP
4533;MTR;SJO
4534;MTR;UIO
4535;MTR;SAL
4536;MTR;BCN
4537;MTR;MAD
4538;MTR;BOS
4539;MTR;IAD
4540;MTR;JFK
4541;MTR;LAX
4542;MTR;MCO
4543;MTR;MIA
4544;MTR;GUA
4545;MTR;SAP
4546;MTR;LHR
4547;MTR;CUN
4548;MTR;MEX
4549;MTR;PTY
4550;MTR;CUZ
4551;MTR;LIM
4552;MTR;SJU
4553;MTR;PUJ
4554;MTR;SDQ
4555;MTR;CCS
4556;MIA;BOG
4557;MIA;MDE
4558;MIA;BAQ
4559;MIA;BOG
4560;MIA;MDE
4561;MEX;BOG
4562;MEX;MDE
4563;MAO;BOG
4564;MAD;BOG
4565;MAD;CLO
4566;MAD;MDE
4567;LAX;BOG
4568;LAX;BOG
4569;LAX;MDE
4570;LHR;BAQ
4571;LHR;BOG
4572;LIM;BOG
4573;LET;CUR
4574;LET;EZE
4575;LET;LPB
4576;LET;GIG
4577;LET;MAO
4578;LET;YYZ
4579;LET;ADZ
4580;LET;AXM
4581;LET;BAQ
4582;LET;BGA
4583;LET;BOG
4584;LET;CLO
4585;LET;CTG
4586;LET;CUC
4587;LET;EJA
4588;LET;MDE
4589;LET;MTR
4590;LET;PEI
4591;LET;PSO
4592;LET;RCH
4593;LET;SMR
4594;LET;VUP
4595;LET;SJO
4596;LET;UIO
4597;LET;BCN
4598;LET;MAD
4599;LET;IAD
4600;LET;JFK
4601;LET;LAX
4602;LET;MIA
4603;LET;SAP
4604;LET;LHR
4605;LET;MEX
4606;LET;PTY
4607;LET;LIM
4608;LET;PUJ
4609;LET;MVD
4610;LPB;BOG
4611;GYE;BOG
4612;GUA;BOG
4613;GUA;BOG
4614;FLL;BOG
4615;FLL;BOG
4616;EZE;BOG
4617;EZE;BOG
4618;CUZ;BOG
4619;CUR;BOG
4620;CUC;AUA
4621;CUC;CUR
4622;CUC;EZE
4623;CUC;LPB
4624;CUC;CNF
4625;CUC;GIG
4626;CUC;GRU
4627;CUC;MAO
4628;CUC;YYZ
4629;CUC;SCL
4630;CUC;ADZ
4631;CUC;AXM
4632;CUC;BAQ
4633;CUC;BGA
4634;CUC;BOG
4635;CUC;CLO
4636;CUC;CTG
4637;CUC;EJA
4638;CUC;LET
4639;CUC;MDE
4640;CUC;MTR
4641;CUC;PEI
4642;CUC;PSO
4643;CUC;RCH
4644;CUC;SMR
4645;CUC;VUP
4646;CUC;SJO
4647;CUC;UIO
4648;CUC;SAL
4649;CUC;BCN
4650;CUC;MAD
4651;CUC;BOS
4652;CUC;FLL
4653;CUC;IAD
4654;CUC;JFK
4655;CUC;LAX
4656;CUC;MCO
4657;CUC;MIA
4658;CUC;GUA
4659;CUC;SAP
4660;CUC;LHR
4661;CUC;CUN
4662;CUC;MEX
4663;CUC;PTY
4664;CUC;ASU
4665;CUC;CUZ
4666;CUC;LIM
4667;CUC;SJU
4668;CUC;PUJ
4669;CUC;SDQ
4670;CUC;MVD
4671;CUC;CCS
4672;CTG;AUA
4673;CTG;CUR
4674;CTG;EZE
4675;CTG;LPB
4676;CTG;CNF
4677;CTG;GIG
4678;CTG;GRU
4679;CTG;MAO
4680;CTG;YYZ
4681;CTG;SCL
4682;CTG;ADZ
4683;CTG;ADZ
4684;CTG;AXM
4685;CTG;BAQ
4686;CTG;BGA
4687;CTG;BOG
4688;CTG;CLO
4689;CTG;CUC
4690;CTG;EJA
4691;CTG;LET
4692;CTG;MDE
4693;CTG;MTR
4694;CTG;PEI
4695;CTG;PSO
4696;CTG;RCH
4697;CTG;SMR
4698;CTG;VUP
4699;CTG;SJO
4700;CTG;UIO
4701;CTG;SAL
4702;CTG;BCN
4703;CTG;MAD
4704;CTG;BOS
4705;CTG;FLL
4706;CTG;IAD
4707;CTG;JFK
4708;CTG;LAX
4709;CTG;MCO
4710;CTG;MIA
4711;CTG;GUA
4712;CTG;SAP
4713;CTG;LHR
4714;CTG;CUN
4715;CTG;MEX
4716;CTG;PTY
4717;CTG;ASU
4718;CTG;CUZ
4719;CTG;LIM
4720;CTG;SJU
4721;CTG;PUJ
4722;CTG;SDQ
4723;CTG;MVD
4724;CTG;CCS
4725;CCS;BOG
4726;CUN;BOG
4727;CUN;MDE
4728;CLO;AUA
4729;CLO;CUR
4730;CLO;EZE
4731;CLO;LPB
4732;CLO;CNF
4733;CLO;GIG
4734;CLO;GRU
4735;CLO;MAO
4736;CLO;YYZ
4737;CLO;SCL
4738;CLO;ADZ
4739;CLO;AXM
4740;CLO;BAQ
4741;CLO;BGA
4742;CLO;BOG
4743;CLO;CTG
4744;CLO;CUC
4745;CLO;EJA
4746;CLO;LET
4747;CLO;MDE
4748;CLO;MTR
4749;CLO;PEI
4750;CLO;PSO
4751;CLO;RCH
4752;CLO;SMR
4753;CLO;VUP
4754;CLO;SJO
4755;CLO;UIO
4756;CLO;SAL
4757;CLO;BCN
4758;CLO;MAD
4759;CLO;BOS
4760;CLO;FLL
4761;CLO;IAD
4762;CLO;JFK
4763;CLO;LAX
4764;CLO;MCO
4765;CLO;MIA
4766;CLO;GUA
4767;CLO;SAP
4768;CLO;LHR
4769;CLO;CUN
4770;CLO;MEX
4771;CLO;PTY
4772;CLO;ASU
4773;CLO;CUZ
4774;CLO;LIM
4775;CLO;SJU
4776;CLO;PUJ
4777;CLO;SDQ
4778;CLO;MVD
4779;CLO;CCS
4780;BGA;AUA
4781;BGA;AUA
4782;BGA;CUR
4783;BGA;EZE
4784;BGA;LPB
4785;BGA;GRU
4786;BGA;GIG
4787;BGA;GRU
4788;BGA;MAO
4789;BGA;YYZ
4790;BGA;YYZ
4791;BGA;SCL
4792;BGA;ADZ
4793;BGA;AXM
4794;BGA;BAQ
4795;BGA;BOG
4796;BGA;CLO
4797;BGA;CTG
4798;BGA;CUC
4799;BGA;MDE
4800;BGA;MTR
4801;BGA;PEI
4802;BGA;PSO
4803;BGA;RCH
4804;BGA;SMR
4805;BGA;VUP
4806;BGA;ADZ
4807;BGA;AXM
4808;BGA;BAQ
4809;BGA;BOG
4810;BGA;CLO
4811;BGA;CTG
4812;BGA;CUC
4813;BGA;EJA
4814;BGA;LET
4815;BGA;MDE
4816;BGA;MTR
4817;BGA;PEI
4818;BGA;PSO
4819;BGA;RCH
4820;BGA;SMR
4821;BGA;VUP
4822;BGA;SJO
4823;BGA;UIO
4824;BGA;SAL
4825;BGA;BCN
4826;BGA;MAD
4827;BGA;BCN
4828;BGA;MAD
4829;BGA;MCO
4830;BGA;MIA
4831;BGA;BOS
4832;BGA;FLL
4833;BGA;IAD
4834;BGA;JFK
4835;BGA;LAX
4836;BGA;MCO
4837;BGA;MIA
4838;BGA;GUA
4839;BGA;GUA
4840;BGA;SAP
4841;BGA;LHR
4842;BGA;CUN
4843;BGA;MEX
4844;BGA;CUN
4845;BGA;MEX
4846;BGA;PTY
4847;BGA;ASU
4848;BGA;CUZ
4849;BGA;LIM
4850;BGA;SJU
4851;BGA;PUJ
4852;BGA;SDQ
4853;BGA;MVD
4854;BGA;CCS
4855;BOS;BAQ
4856;BOS;BOG
4857;BOS;CTG
4858;BOG;AUA
4859;BOG;CUR
4860;BOG;EZE
4861;BOG;EZE
4862;BOG;LPB
4863;BOG;CNF
4864;BOG;GIG
4865;BOG;GRU
4866;BOG;MAO
4867;BOG;YYZ
4868;BOG;SCL
4869;BOG;BGA
4870;BOG;MDE
4871;BOG;PEI
4872;BOG;ADZ
4873;BOG;AXM
4874;BOG;BAQ
4875;BOG;BGA
4876;BOG;CLO
4877;BOG;CTG
4878;BOG;CUC
4879;BOG;EJA
4880;BOG;LET
4881;BOG;MDE
4882;BOG;MTR
4883;BOG;PEI
4884;BOG;PSO
4885;BOG;RCH
4886;BOG;SMR
4887;BOG;VUP
4888;BOG;SJO
4889;BOG;UIO
4890;BOG;SAL
4891;BOG;BCN
4892;BOG;MAD
4893;BOG;BOS
4894;BOG;FLL
4895;BOG;IAD
4896;BOG;JFK
4897;BOG;LAX
4898;BOG;MCO
4899;BOG;MIA
4900;BOG;GUA
4901;BOG;SAP
4902;BOG;LHR
4903;BOG;CUN
4904;BOG;MEX
4905;BOG;PTY
4906;BOG;ASU
4907;BOG;CUZ
4908;BOG;LIM
4909;BOG;SJU
4910;BOG;PUJ
4911;BOG;SDQ
4912;BOG;MVD
4913;BOG;CCS
4914;CNF;BOG
4915;BAQ;AUA
4916;BAQ;CUR
4917;BAQ;EZE
4918;BAQ;LPB
4919;BAQ;CNF
4920;BAQ;GIG
4921;BAQ;GRU
4922;BAQ;MAO
4923;BAQ;YYZ
4924;BAQ;SCL
4925;BAQ;ADZ
4926;BAQ;AXM
4927;BAQ;BGA
4928;BAQ;BOG
4929;BAQ;CLO
4930;BAQ;CTG
4931;BAQ;CUC
4932;BAQ;EJA
4933;BAQ;LET
4934;BAQ;MDE
4935;BAQ;MTR
4936;BAQ;PEI
4937;BAQ;PSO
4938;BAQ;RCH
4939;BAQ;SMR
4940;BAQ;VUP
4941;BAQ;SJO
4942;BAQ;UIO
4943;BAQ;SAL
4944;BAQ;BCN
4945;BAQ;MAD
4946;BAQ;BOS
4947;BAQ;FLL
4948;BAQ;IAD
4949;BAQ;JFK
4950;BAQ;LAX
4951;BAQ;MCO
4952;BAQ;MIA
4953;BAQ;GUA
4954;BAQ;SAP
4955;BAQ;LHR
4956;BAQ;CUN
4957;BAQ;MEX
4958;BAQ;PTY
4959;BAQ;ASU
4960;BAQ;CUZ
4961;BAQ;LIM
4962;BAQ;SJU
4963;BAQ;PUJ
4964;BAQ;SDQ
4965;BAQ;MVD
4966;BAQ;CCS
4967;EJA;EZE
4968;EJA;GRU
4969;EJA;MAO
4970;EJA;SCL
4971;EJA;ADZ
4972;EJA;AXM
4973;EJA;BAQ
4974;EJA;BGA
4975;EJA;BOG
4976;EJA;CLO
4977;EJA;CTG
4978;EJA;CUC
4979;EJA;LET
4980;EJA;MDE
4981;EJA;MTR
4982;EJA;PEI
4983;EJA;PSO
4984;EJA;RCH
4985;EJA;SMR
4986;EJA;VUP
4987;EJA;UIO
4988;EJA;MAD
4989;EJA;LHR
4990;EJA;CUN
4991;EJA;MEX
4992;EJA;LIM
4993;BCN;BOG
4994;ASU;BOG
4995;AUA;BOG
4996;AXM;AUA
4997;AXM;LPB
4998;AXM;GIG
4999;AXM;GRU
5000;AXM;YYZ
5001;AXM;SCL
5002;AXM;ADZ
5003;AXM;BAQ
5004;AXM;BGA
5005;AXM;BOG
5006;AXM;CLO
5007;AXM;CTG
5008;AXM;CUC
5009;AXM;EJA
5010;AXM;LET
5011;AXM;MDE
5012;AXM;MTR
5013;AXM;RCH
5014;AXM;SMR
5015;AXM;VUP
5016;AXM;SJO
5017;AXM;UIO
5018;AXM;SAL
5019;AXM;BCN
5020;AXM;MAD
5021;AXM;FLL
5022;AXM;JFK
5023;AXM;MCO
5024;AXM;MIA
5025;AXM;SAP
5026;AXM;LHR
5027;AXM;CUN
5028;AXM;MEX
5029;AXM;PTY
5030;AXM;LIM
5031;AXM;SJU
5032;AXM;SDQ
5033;AXM;MVD
5034;SJU;MDE
5035;MDE;MIA
5036;MIA;BOG
5037;MIA;MDE
5038;MIA;BOG
5039;MAO;BOG
5040;BOG;MDE
5041;BOG;MIA
5042;BOG;MIA
5043;VVC;IDA
5044;VVC;LPR
5045;VVC;MVP
5046;VVC;PCR
5047;VVC;PIM
5048;VVC;PTC
5049;VVC;VVC
5050;TAR;MVP
5051;SRO;VVC
5052;A07;A01
5053;A07;A09
5054;A07;MVP
5055;9DI;IDA
5056;A09;MVP
5057;IDA;9DI
5058;IDA;MVP
5059;IDA;VVC
5060;PCE;VVC
5061;PCR;PCE
5062;PTC;SRO
5063;PCA;MVP
5064;9AK;MVP
5065;MBQ;MVP
5066;MDR;MVP
5067;MFR;MVP
5068;MGU;MVP
5069;MIB;MVP
5070;MIS;MSO
5071;MIS;MVP
5072;MIT;MVP
5073;MPI;MVP
5074;MSO;MVP
5075;MTC;MVP
5076;MTI;MIS
5077;MTI;MVP
5078;MTN;MVP
5079;MUR;MVP
5080;MVA;MVP
5081;MVP;9AK
5082;MVP;A01
5083;MVP;A07
5084;MVP;A09
5085;MVP;CRU
5086;MVP;IDA
5087;MVP;LPD
5088;MVP;MBQ
5089;MVP;MDR
5090;MVP;MFR
5091;MVP;MGU
5092;MVP;MIB
5093;MVP;MIS
5094;MVP;MIT
5095;MVP;MPI
5096;MVP;MSO
5097;MVP;MTC
5098;MVP;MTI
5099;MVP;MTN
5100;MVP;MUR
5101;MVP;MVA
5102;MVP;MVP
5103;MVP;MYA
5104;MVP;MYY
5105;MVP;PCA
5106;MVP;TAR
5107;MVP;VVC
5108;MYA;MVP
5109;MYY;MVP
5110;LPR;VVC
5111;LPD;MVP
5112;A01;A07
5113;A01;MVP
5114;CRU;MVP
5115;SDQ;CTG
5116;SDQ;MDE
5117;MDE;SDQ
5118;CTG;SDQ
5119;SJU;BOG
5120;MIA;BOG
5121;BOG;MIA
5122;ZRH;CLO
5123;LFT;BOG
5124;MKE;BOG
5125;MKE;MDE
5126;IAD;BOG
5127;IAD;MDE
5128;UVF;BOG
5129;YVR;BOG
5130;YVR;MDE
5131;YYZ;BAQ
5132;YYZ;BOG
5133;YYZ;CLO
5134;YYZ;CTG
5135;YYZ;MDE
5136;YYZ;PEI
5137;NRT;BOG
5138;AUS;BOG
5139;AUS;MDE
5140;LRD;BOG
5141;MAF;BOG
5142;MFE;BOG
5143;CLL;BOG
5144;GGG;BOG
5145;TLV;BAQ
5146;TLV;CLO
5147;TLV;MDE
5148;TPA;BOG
5149;TPA;MDE
5150;SYR;MDE
5151;SYD;BOG
5152;ANU;BOG
5153;ANU;MDE
5154;SGF;BOG
5155;SEA;BOG
5156;SEA;MDE
5157;SDQ;CTG
5158;STI;MDE
5159;SCL;BOG
5160;SCL;MDE
5161;SNA;BOG
5162;SAP;CLO
5163;SXM;BOG
5164;SXM;MDE
5165;SJU;BAQ
5166;SJU;BOG
5167;SJU;CTG
5168;SJU;MDE
5169;SJU;PEI
5170;SJD;BOG
5171;SJO;BOG
5172;SFO;BOG
5173;SFO;MDE
5174;SAN;BOG
5175;SAN;MDE
5176;SAT;BOG
5177;SAT;MDE
5178;STL;BOG
5179;STL;MDE
5180;SKB;MDE
5181;SMF;BOG
5182;SMF;MDE
5183;MDE;FRA
5184;MDE;ANU
5185;MDE;FDF
5186;MDE;PTP
5187;MDE;AUA
5188;MDE;CUR
5189;MDE;SXM
5190;MDE;NAS
5191;MDE;GGT
5192;MDE;BGI
5193;MDE;BZE
5194;MDE;BDA
5195;MDE;BSB
5196;MDE;GRU
5197;MDE;YUL
5198;MDE;YYC
5199;MDE;YYZ
5200;MDE;ELH
5201;MDE;PLS
5202;MDE;HAV
5203;MDE;BCN
5204;MDE;MAD
5205;MDE;ATL
5206;MDE;AUS
5207;MDE;BDL
5208;MDE;BOS
5209;MDE;CHS
5210;MDE;CLT
5211;MDE;CMH
5212;MDE;DEN
5213;MDE;DFW
5214;MDE;EWR
5215;MDE;IAH
5216;MDE;JFK
5217;MDE;LAS
5218;MDE;LAX
5219;MDE;MCO
5220;MDE;MIA
5221;MDE;MSP
5222;MDE;MSY
5223;MDE;OKC
5224;MDE;ORD
5225;MDE;PHX
5226;MDE;RDU
5227;MDE;RIC
5228;MDE;SAN
5229;MDE;SFO
5230;MDE;TPA
5231;MDE;BNA
5232;MDE;CDG
5233;MDE;FPO
5234;MDE;LHR
5235;MDE;AXA
5236;MDE;GCM
5237;MDE;TLV
5238;MDE;KIN
5239;MDE;MBJ
5240;MDE;NRT
5241;MDE;CUN
5242;MDE;CZM
5243;MDE;MEX
5244;MDE;MID
5245;MDE;MTY
5246;MDE;SJU
5247;MDE;DOH
5248;MDE;POP
5249;MDE;SDQ
5250;MDE;SKB
5251;MDE;POS
5252;RIC;BOG
5253;RIC;MDE
5254;RNO;BOG
5255;REC;BOG
5256;RDU;BOG
5257;RDU;CTG
5258;RDU;MDE
5259;DOH;BOG
5260;DOH;CLO
5261;DOH;CTG
5262;DOH;MDE
5263;PUJ;MDE
5264;PVR;BOG
5265;PAP;BOG
5266;POP;CLO
5267;PLS;BOG
5268;PLS;MDE
5269;POS;BOG
5270;POS;MDE
5271;POS;PEI
5272;PTP;MDE
5273;PIT;BOG
5274;PIT;MDE
5275;PHL;BOG
5276;PHL;MDE
5277;PEI;ANU
5278;PEI;NAS
5279;PEI;YYZ
5280;PEI;MAD
5281;PEI;MIA
5282;PEI;LHR
5283;PEI;SJU
5284;PEI;DOH
5285;PNS;BOG
5286;PNS;MDE
5287;CDG;MDE
5288;FPO;BOG
5289;FPO;CLO
5290;FPO;MDE
5291;MCO;BOG
5292;MCO;MDE
5293;PDX;BOG
5294;PDX;MDE
5295;OKC;BOG
5296;OKC;MDE
5297;TUL;BOG
5298;TUL;MDE
5299;CLE;BOG
5300;CLE;MDE
5301;CMH;BOG
5302;CMH;MDE
5303;ABQ;BOG
5304;CLT;BOG
5305;CLT;MDE
5306;GSO;BOG
5307;GSO;MDE
5308;ILM;MDE
5309;ORF;BOG
5310;ORF;MDE
5311;EWR;BOG
5312;EWR;MDE
5313;HPN;MDE
5314;JFK;BOG
5315;JFK;MDE
5316;MSY;BOG
5317;MSY;CTG
5318;MSY;MDE
5319;OMA;BOG
5320;OMA;CTG
5321;OMA;MDE
5322;NAS;BAQ
5323;NAS;BOG
5324;NAS;CLO
5325;NAS;CTG
5326;NAS;MDE
5327;BNA;BOG
5328;BNA;MDE
5329;YUL;BAQ
5330;YUL;BOG
5331;YUL;CLO
5332;YUL;CTG
5333;YUL;MDE
5334;MTY;BOG
5335;MTY;CLO
5336;MTY;CTG
5337;MTY;MDE
5338;MBJ;BOG
5339;MBJ;MDE
5340;MSN;BOG
5341;MSN;MDE
5342;MSP;BOG
5343;MSP;MDE
5344;GRR;MDE
5345;MIA;BAQ
5346;MIA;BOG
5347;MIA;CLO
5348;MIA;CTG
5349;MIA;MDE
5350;MIA;PEI
5351;MEX;BAQ
5352;MEX;BOG
5353;MEX;MDE
5354;MID;MDE
5355;MEM;BOG
5356;MEM;MDE
5357;BWI;BOG
5358;BWI;MDE
5359;MHH;MDE
5360;MGA;CLO
5361;MGA;MDE
5362;MAD;BOG
5363;MAD;CLO
5364;MAD;CTG
5365;MAD;MDE
5366;MAD;PEI
5367;LAX;BOG
5368;LAX;MDE
5369;LHR;BOG
5370;LHR;CLO
5371;LHR;CTG
5372;LHR;MDE
5373;LIS;CLO
5374;LIM;MDE
5375;LAS;BOG
5376;LAS;MDE
5377;TYS;MDE
5378;KIN;BOG
5379;KIN;CTG
5380;KIN;MDE
5381;LEX;BOG
5382;LEX;MDE
5383;SDF;BOG
5384;SDF;MDE
5385;ICT;BOG
5386;MCI;BOG
5387;MCI;MDE
5388;JAN;BOG
5389;DSM;BOG
5390;DSM;MDE
5391;EVV;BOG
5392;IND;BOG
5393;IND;MDE
5394;BMI;BOG
5395;HOU;BOG
5396;IAH;BOG
5397;IAH;MDE
5398;HAV;CTG
5399;HAV;MDE
5400;GGT;MDE
5401;GND;BOG
5402;GCM;BOG
5403;GCM;CLO
5404;GCM;MDE
5405;SAV;BOG
5406;SAV;MDE
5407;GEO;BOG
5408;GEO;CLO
5409;GNV;BOG
5410;GNV;MDE
5411;FAT;BOG
5412;FRA;BOG
5413;FWA;BOG
5414;FSM;BOG
5415;FLL;BOG
5416;EYW;BOG
5417;EYW;MDE
5418;JAX;BOG
5419;JAX;MDE
5420;TLH;BOG
5421;TLH;MDE
5422;FAR;BOG
5423;EZE;MDE
5424;DUB;MDE
5425;DXB;CTG
5426;DTW;BOG
5427;DTW;MDE
5428;DAY;BOG
5429;DFW;BOG
5430;DFW;MDE
5431;BIS;BOG
5432;CZM;BOG
5433;CZM;MDE
5434;BDL;BOG
5435;BDL;MDE
5436;COS;BOG
5437;DEN;BOG
5438;DEN;MDE
5439;EGE;BOG
5440;EGE;MDE
5441;CVG;BAQ
5442;CVG;BOG
5443;CVG;MDE
5444;AMA;BOG
5445;ORD;BOG
5446;ORD;MDE
5447;CHS;BOG
5448;CHS;MDE
5449;CMI;BOG
5450;CTG;SXM
5451;CTG;NAS
5452;CTG;BGI
5453;CTG;BDA
5454;CTG;YUL
5455;CTG;YYZ
5456;CTG;PLS
5457;CTG;BCN
5458;CTG;GND
5459;CTG;MAD
5460;CTG;ALB
5461;CTG;ATL
5462;CTG;AUS
5463;CTG;BDL
5464;CTG;BHM
5465;CTG;BOS
5466;CTG;BUF
5467;CTG;BWI
5468;CTG;CHS
5469;CTG;CID
5470;CTG;CLE
5471;CTG;CLT
5472;CTG;CMH
5473;CTG;CVG
5474;CTG;DEN
5475;CTG;DFW
5476;CTG;DTW
5477;CTG;EWR
5478;CTG;EYW
5479;CTG;GNV
5480;CTG;GRR
5481;CTG;GSO
5482;CTG;HPN
5483;CTG;HSV
5484;CTG;IAH
5485;CTG;IND
5486;CTG;JAX
5487;CTG;JFK
5488;CTG;LAS
5489;CTG;LAX
5490;CTG;LIT
5491;CTG;MCI
5492;CTG;MCO
5493;CTG;MEM
5494;CTG;MIA
5495;CTG;MKE
5496;CTG;MSP
5497;CTG;MSY
5498;CTG;OKC
5499;CTG;OMA
5500;CTG;ORD
5501;CTG;ORF
5502;CTG;PDX
5503;CTG;PHL
5504;CTG;PHX
5505;CTG;PIT
5506;CTG;PNS
5507;CTG;RDU
5508;CTG;RIC
5509;CTG;ROC
5510;CTG;SAN
5511;CTG;SAT
5512;CTG;SAV
5513;CTG;SDF
5514;CTG;SEA
5515;CTG;SFO
5516;CTG;SMF
5517;CTG;SNA
5518;CTG;STL
5519;CTG;TLH
5520;CTG;TPA
5521;CTG;TUL
5522;CTG;TYS
5523;CTG;BNA
5524;CTG;DSM
5525;CTG;GSP
5526;CTG;CDG
5527;CTG;LHR
5528;CTG;FCO
5529;CTG;KIN
5530;CTG;CUN
5531;CTG;MTY
5532;CTG;SJU
5533;CTG;DOH
5534;CTG;UVF
5535;CTG;ZRH
5536;CTG;POS
5537;GSP;MDE
5538;ELP;BOG
5539;CUN;BOG
5540;CUN;MDE
5541;ONT;BOG
5542;PSP;BOG
5543;SJC;BOG
5544;CLO;PTP
5545;CLO;NAS
5546;CLO;YUL
5547;CLO;YYZ
5548;CLO;SCL
5549;CLO;HEL
5550;CLO;SAL
5551;CLO;DXB
5552;CLO;BCN
5553;CLO;MAD
5554;CLO;BWI
5555;CLO;DFW
5556;CLO;EWR
5557;CLO;JFK
5558;CLO;LAX
5559;CLO;MIA
5560;CLO;PHL
5561;CLO;PHX
5562;CLO;CDG
5563;CLO;LHR
5564;CLO;GCM
5565;CLO;TLV
5566;CLO;KIN
5567;CLO;MID
5568;CLO;MTY
5569;CLO;MGA
5570;CLO;DOH
5571;CLO;SDQ
5572;CLO;ZRH
5573;CLO;POS
5574;YYC;BOG
5575;BGI;BOG
5576;BGI;MDE
5577;BOS;BOG
5578;BOS;MDE
5579;BOG;TXL
5580;BOG;ANU
5581;BOG;PTP
5582;BOG;SXM
5583;BOG;TUC
5584;BOG;SYD
5585;BOG;NAS
5586;BOG;BGI
5587;BOG;BZE
5588;BOG;BDA
5589;BOG;YUL
5590;BOG;YVR
5591;BOG;YYC
5592;BOG;YYW
5593;BOG;YYZ
5594;BOG;SCL
5595;BOG;PVG
5596;BOG;AMA
5597;BOG;ELP
5598;BOG;HEL
5599;BOG;LFT
5600;BOG;MSN
5601;BOG;PEN
5602;BOG;PLS
5603;HEL;BOG
5604;HEL;MDE
5605;BOG;BCN
5606;BOG;MAD
5607;BOG;ABQ
5608;BOG;ATL
5609;BOG;AUS
5610;BOG;BDL
5611;BOG;BHM
5612;BOG;BMI
5613;BOG;BOI
5614;BOG;BOS
5615;BOG;BRO
5616;BOG;BWI
5617;BOG;CHS
5618;BOG;CID
5619;BOG;CLE
5620;BOG;CLT
5621;BOG;CMH
5622;BOG;CVG
5623;BOG;DAY
5624;BOG;DEN
5625;BOG;DFW
5626;BOG;DTW
5627;BOG;EWR
5628;BOG;EYW
5629;BOG;FAT
5630;BOG;FLL
5631;BOG;GNV
5632;BOG;GRR
5633;BOG;GSO
5634;BOG;HNL
5635;BOG;HOU
5636;BOG;IAD
5637;BOG;IAH
5638;BOG;IND
5639;BOG;JAN
5640;BOG;JAX
5641;BOG;JFK
5642;BOG;LAS
5643;BOG;LAX
5644;BOG;LIT
5645;BOG;MAF
5646;BOG;MCI
5647;BOG;MCO
5648;BOG;MEM
5649;BOG;MHK
5650;BOG;MIA
5651;BOG;MKE
5652;BOG;MSP
5653;BOG;MSY
5654;BOG;OKC
5655;BOG;OMA
5656;BOG;ONT
5657;BOG;ORD
5658;BOG;ORF
5659;BOG;PDX
5660;BOG;PHL
5661;BOG;PHX
5662;BOG;PIT
5663;BOG;PNS
5664;BOG;RDU
5665;BOG;RIC
5666;BOG;RNO
5667;BOG;SAN
5668;BOG;SAT
5669;BOG;SAV
5670;BOG;SDF
5671;BOG;SEA
5672;BOG;SFO
5673;BOG;SGF
5674;BOG;SMF
5675;BOG;SNA
5676;BOG;STL
5677;BOG;TPA
5678;BOG;TUL
5679;BOG;TUS
5680;BOG;XNA
5681;BOG;BNA
5682;BOG;CDG
5683;BOG;FPO
5684;BOG;GUA
5685;BOG;GEO
5686;BOG;PAP
5687;BOG;AMS
5688;BOG;LHR
5689;BOG;GCM
5690;BOG;TLV
5691;BOG;MXP
5692;BOG;KIN
5693;BOG;MBJ
5694;BOG;NRT
5695;BOG;ICN
5696;BOG;CUN
5697;BOG;CZM
5698;BOG;MEX
5699;BOG;MID
5700;BOG;SJD
5701;BOG;SVG
5702;BOG;SJU
5703;BOG;DOH
5704;BOG;POP
5705;BOG;SDQ
5706;BOG;SKB
5707;BOG;UVF
5708;BOG;POS
5709;BOG;IST
5710;BOG;DSM
5711;BOG;GJT
5712;BOG;SJC
5713;BDA;MDE
5714;BZE;BOG
5715;BZE;CLO
5716;BZE;MDE
5717;BAQ;YUL
5718;BAQ;YYZ
5719;BAQ;MAD
5720;BAQ;CVG
5721;BAQ;MIA
5722;BAQ;CDG
5723;BAQ;LHR
5724;BAQ;TLV
5725;BAQ;DOH
5726;BAQ;ZRH
5727;BCN;BOG
5728;BCN;CLO
5729;BCN;MDE
5730;ATL;BOG
5731;ATL;MDE
5732;AUA;MDE
5733;LIT;MDE
5734;XNA;BOG
5735;XNA;MDE
5736;PHX;BOG
5737;PHX;MDE
5738;TUS;BOG
5739;BHM;BOG
5740;BHM;MDE
5741;HSV;BOG
5742;HSV;MDE
5743;FDF;BOG
5744;VUP;EOH
5745;EOH;BAQ
5746;EOH;BBA
5747;EOH;BGA
5748;EOH;CLO
5749;EOH;GYM
5750;GYM;VUP
5751;CLO;EOH
5752;BGA;EOH
5753;BAQ;EOH
5754;BBA;EOH
5755;VVC;BMG
5756;VVC;IDA
5757;VVC;LMC
5758;VVC;LPD
5759;VVC;LPR
5760;VVC;MVP
5761;VVC;PCE
5762;VVC;PCR
5763;VVC;SJE
5764;VVC;TAR
5765;VVC;VVC
5766;TAR;LPD
5767;TAR;SJE
5768;TAR;VVC
5769;SJE;LPD
5770;SJE;SJE
5771;SJE;TAR
5772;SJE;VVC
5773;9DI;IDA
5774;IDA;9DI
5775;IDA;BMG
5776;IDA;VVC
5777;PGM;EYP
5778;PCE;BMG
5779;PCE;VVC
5780;PCR;PGM
5781;MVP;VVC
5782;LPR;VVC
5783;LPD;SJE
5784;LPD;TAR
5785;LPD;VVC
5786;LMC;VVC
5787;BMG;IDA
5788;BMG;PCE
5789;BMG;VVC
5790;EYP;TME
5791;VVC;BMG
5792;VVC;GYM
5793;VVC;IDA
5794;VVC;MVP
5795;ACR;SJE
5796;SJE;ACR
5797;SJE;LCH
5798;SJE;MFS
5799;SJE;VVC
5800;9DI;IDA
5801;9DI;PCE
5802;IDA;9DI
5803;IDA;VVC
5804;PCE;9DI
5805;PCE;GYM
5806;MVP;SJE
5807;MFS;SJE
5808;LCH;ACR
5809;BMG;IDA
5810;GYM;PCE
5811;GYM;VVC
5812;SMR;BOG
5813;SMR;BOG
5814;SMR;CLO
5815;SMR;MDE
5816;ADZ;BOG
5817;ADZ;CTG
5818;ADZ;BOG
5819;ADZ;CLO
5820;ADZ;CTG
5821;ADZ;MDE
5822;MDE;CLO
5823;MDE;BOG
5824;MDE;CTG
5825;MDE;ADZ
5826;MDE;BAQ
5827;MDE;BOG
5828;MDE;CLO
5829;MDE;CTG
5830;MDE;MTR
5831;MDE;PEI
5832;MDE;SMR
5833;MDE;MIA
5834;RCH;BOG
5835;RCH;BOG
5836;PEI;BOG
5837;PEI;BOG
5838;PEI;MDE
5839;PSO;CLO
5840;PSO;BOG
5841;PSO;CLO
5842;MCO;BOG
5843;NVA;BOG
5844;MTR;BOG
5845;MTR;MDE
5846;MIA;BOG
5847;MIA;MDE
5848;MIA;BOG
5849;MIA;MDE
5850;LET;BOG
5851;LET;BOG
5852;EYP;BOG
5853;CUC;BOG
5854;CTG;ADZ
5855;CTG;ADZ
5856;CTG;BOG
5857;CTG;CLO
5858;CTG;MDE
5859;CCS;BOG
5860;CLO;MDE
5861;CLO;PSO
5862;CLO;ADZ
5863;CLO;BOG
5864;CLO;CTG
5865;CLO;MDE
5866;CLO;PSO
5867;CLO;SMR
5868;BGA;BOG
5869;BGA;BOG
5870;BOG;BGA
5871;BOG;LET
5872;BOG;PEI
5873;BOG;RCH
5874;BOG;SMR
5875;BOG;ADZ
5876;BOG;AXM
5877;BOG;BAQ
5878;BOG;BGA
5879;BOG;CLO
5880;BOG;CTG
5881;BOG;CUC
5882;BOG;EYP
5883;BOG;LET
5884;BOG;MDE
5885;BOG;MTR
5886;BOG;NVA
5887;BOG;PEI
5888;BOG;PSO
5889;BOG;RCH
5890;BOG;SMR
5891;BOG;MCO
5892;BOG;MIA
5893;BOG;CCS
5894;BAQ;BOG
5895;BAQ;MDE
5896;AXM;BOG
5897;MDE;MIA
5898;BOG;MIA
5899;YYZ;CTG
5900;YUL;CTG
5901;CTG;YUL
5902;CTG;YYZ
5903;ZRH;BOG
5904;ZAG;BOG
5905;DEL;BOG
5906;WAW;BOG
5907;VIE;BOG
5908;VCE;BOG
5909;VLC;BOG
5910;NUE;BOG
5911;TLS;BOG
5912;XZN;BOG
5913;TLV;BOG
5914;PVG;BOG
5915;STR;BOG
5916;SIN;BOG
5917;LOS;BOG
5918;FCO;BOG
5919;RIX;BOG
5920;PRG;BOG
5921;OPO;BOG
5922;CDG;BOG
5923;OSL;BOG
5924;NCE;BOG
5925;NCL;BOG
5926;NAP;BOG
5927;MUC;BOG
5928;BOM;BOG
5929;MXP;BOG
5930;MRS;BOG
5931;MLA;BOG
5932;AGP;BOG
5933;MAD;BOG
5934;LYS;BOG
5935;LUX;BOG
5936;LHR;BOG
5937;LIS;BOG
5938;HND;BOG
5939;KEF;BOG
5940;JNB;BOG
5941;ICN;BOG
5942;PPT;BOG
5943;HKG;BOG
5944;HAJ;BOG
5945;HAM;BOG
5946;GVA;BOG
5947;FRA;BOG
5948;ARN;BOG
5949;IST;BOG
5950;EDI;BOG
5951;DUS;BOG
5952;DUB;BOG
5953;DXB;BOG
5954;DSS;BOG
5955;COO;BOG
5956;CPH;BOG
5957;CKY;BOG
5958;FLR;BOG
5959;LAD;BOG
5960;CMN;BOG
5961;RBA;BOG
5962;BUD;BOG
5963;OTP;BOG
5964;NTE;BOG
5965;BOD;BOG
5966;BLQ;BOG
5967;BOG;FRA
5968;BOG;HAJ
5969;BOG;HAM
5970;BOG;MUC
5971;BOG;DUS
5972;BOG;ALG
5973;BOG;VIE
5974;BOG;PEK
5975;BOG;PVG
5976;BOG;BER
5977;BOG;CAI
5978;BOG;DEL
5979;BOG;FLR
5980;BOG;HEL
5981;BOG;LAD
5982;BOG;LOS
5983;BOG;NUE
5984;BOG;SIN
5985;BOG;STR
5986;CAI;BOG
5987;HEL;BOG
5988;BOG;ABJ
5989;BOG;BLL
5990;BOG;CPH
5991;BOG;AUH
5992;BOG;DXB
5993;BOG;EDI
5994;BOG;AGP
5995;BOG;BCN
5996;BOG;BIO
5997;BOG;MAD
5998;BOG;VLC
5999;BOG;HND
6000;BOG;ADD
6001;BOG;BIQ
6002;BOG;BOD
6003;BOG;CDG
6004;BOG;LYS
6005;BOG;MRS
6006;BOG;NCE
6007;BOG;TLS
6008;BOG;NTE
6009;BOG;CKY
6010;BOG;SSG
6011;BOG;AMS
6012;BOG;HKG
6013;BOG;BUD
6014;BOG;BOM
6015;BOG;BHX
6016;BOG;LHR
6017;BOG;NCL
6018;BOG;DUB
6019;BOG;TLV
6020;BOG;BLQ
6021;BOG;FCO
6022;BOG;GVA
6023;BOG;MXP
6024;BOG;NAP
6025;BOG;VCE
6026;BOG;AMM
6027;BOG;ICN
6028;BOG;RIX
6029;BOG;BEY
6030;BOG;LUX
6031;BOG;MLA
6032;BOG;CMN
6033;BOG;RAK
6034;BOG;RBA
6035;BOG;OSL
6036;BOG;PRG
6037;BOG;WAW
6038;BOG;LIS
6039;BOG;OTP
6040;BOG;DSS
6041;BOG;ARN
6042;BOG;BSL
6043;BOG;ZRH
6044;BOG;JNB
6045;BOG;IST
6046;BHX;BOG
6047;BLL;BOG
6048;BIO;BOG
6049;BIQ;BOG
6050;BEY;BOG
6051;PEK;BOG
6052;BER;BOG
6053;BSL;BOG
6054;BCN;BOG
6055;ALG;BOG
6056;AMS;BOG
6057;AMM;BOG
6058;AUH;BOG
6059;ABJ;BOG
6060;ZRH;BOG
6061;ZRH;MDE
6062;VGO;BOG
6063;VGO;MDE
6064;VLC;BOG
6065;VLC;MDE
6066;TFN;BOG
6067;TFN;MDE
6068;LGW;BOG
6069;LGW;MDE
6070;FCO;BOG
6071;FCO;MDE
6072;MDE;FRA
6073;MDE;MUC
6074;MDE;BRU
6075;MDE;LPA
6076;MDE;AGP
6077;MDE;ALC
6078;MDE;BCN
6079;MDE;BIO
6080;MDE;LCG
6081;MDE;MAD
6082;MDE;PMI
6083;MDE;TFN
6084;MDE;VGO
6085;MDE;VLC
6086;MDE;AMS
6087;MDE;LGW
6088;MDE;FCO
6089;MDE;MXP
6090;MDE;LIS
6091;MDE;OPO
6092;MDE;ZRH
6093;OPO;BOG
6094;OPO;MDE
6095;MUC;BOG
6096;MUC;MDE
6097;MXP;BOG
6098;MXP;MDE
6099;AGP;BOG
6100;AGP;MDE
6101;MAD;BOG
6102;MAD;MDE
6103;PMI;BOG
6104;PMI;MDE
6105;LIS;BOG
6106;LIS;MDE
6107;LCG;BOG
6108;LCG;MDE
6109;FRA;BOG
6110;FRA;MDE
6111;BRU;BOG
6112;BRU;MDE
6113;LPA;BOG
6114;LPA;MDE
6115;BOG;FRA
6116;BOG;MUC
6117;BOG;BRU
6118;BOG;LPA
6119;BOG;AGP
6120;BOG;ALC
6121;BOG;BCN
6122;BOG;BIO
6123;BOG;LCG
6124;BOG;MAD
6125;BOG;PMI
6126;BOG;TFN
6127;BOG;VGO
6128;BOG;VLC
6129;BOG;AMS
6130;BOG;LGW
6131;BOG;FCO
6132;BOG;MXP
6133;BOG;LIS
6134;BOG;OPO
6135;BOG;ZRH
6136;BIO;BOG
6137;BIO;MDE
6138;BCN;BOG
6139;BCN;MDE
6140;AMS;BOG
6141;AMS;MDE
6142;ALC;BOG
6143;ALC;MDE
6144;YYZ;BOG
6145;BOG;YYZ
6146;VVC;LMC
6147;VVC;PGM
6148;VVC;TDA
6149;VVC;VVC
6150;TDA;VVC
6151;PGM;VVC
6152;LMC;VVC
6153;NLU;BOG
6154;BOG;NLU
6155;VLN;BOG
6156;ADZ;BOG
6157;MDE;BOG
6158;UIO;BOG
6159;IDA;BOG
6160;PCR;BOG
6161;PTY;BOG
6162;MVP;BOG
6163;MAR;BOG
6164;LET;BOG
6165;EYP;MVP
6166;CUR;BOG
6167;CCS;BOG
6168;CLO;BOG
6169;BOG;AUA
6170;BOG;CUR
6171;BOG;CPQ
6172;BOG;ADZ
6173;BOG;AUC
6174;BOG;BAQ
6175;BOG;CLO
6176;BOG;EYP
6177;BOG;IDA
6178;BOG;LET
6179;BOG;MDE
6180;BOG;MVP
6181;BOG;PCR
6182;BOG;UIO
6183;BOG;PTY
6184;BOG;CCS
6185;BOG;VLN
6186;BAQ;BOG
6187;AUA;BOG
6188;AUC;BOG
6189;IAD;MDE
6190;GRU;MDE
6191;SDQ;BOG
6192;SDQ;MDE
6193;SCL;MDE
6194;SMR;BOG
6195;SMR;MDE
6196;SAL;MDE
6197;SAP;MDE
6198;SJU;MDE
6199;SJO;BOG
6200;SJO;MDE
6201;SFO;MDE
6202;ADZ;BOG
6203;ADZ;MDE
6204;ADZ;BAQ
6205;ADZ;CTG
6206;MDE;AUA
6207;MDE;CUR
6208;MDE;COR
6209;MDE;EZE
6210;MDE;MDZ
6211;MDE;VVI
6212;MDE;BSB
6213;MDE;CNF
6214;MDE;GIG
6215;MDE;GRU
6216;MDE;MAO
6217;MDE;POA
6218;MDE;YUL
6219;MDE;YYZ
6220;MDE;SCL
6221;MDE;ADZ
6222;MDE;BOG
6223;MDE;CTG
6224;MDE;SMR
6225;MDE;SJO
6226;MDE;HAV
6227;MDE;GYE
6228;MDE;MEC
6229;MDE;UIO
6230;MDE;SAL
6231;MDE;BOS
6232;MDE;DEN
6233;MDE;FLL
6234;MDE;IAD
6235;MDE;JFK
6236;MDE;LAS
6237;MDE;LAX
6238;MDE;MCO
6239;MDE;MIA
6240;MDE;ORD
6241;MDE;SFO
6242;MDE;GUA
6243;MDE;SAP
6244;MDE;KIN
6245;MDE;CUN
6246;MDE;GDL
6247;MDE;MEX
6248;MDE;MTY
6249;MDE;MGA
6250;MDE;BLB
6251;MDE;DAV
6252;MDE;PTY
6253;MDE;ASU
6254;MDE;LIM
6255;MDE;SJU
6256;MDE;PUJ
6257;MDE;SDQ
6258;MDE;MVD
6259;MDE;CCS
6260;MDE;MAR
6261;MDE;VLN
6262;GIG;MDE
6263;UIO;BOG
6264;UIO;MDE
6265;PUJ;BOG
6266;PUJ;MDE
6267;POS;MDE
6268;POA;MDE
6269;PEI;BOG
6270;PTY;MDE
6271;MCO;MDE
6272;JFK;MDE
6273;MVD;MDE
6274;MTY;MDE
6275;MIA;MDE
6276;MEX;MDE
6277;NLU;MDE
6278;BWI;MDE
6279;MAO;MDE
6280;LAX;MDE
6281;LIM;BOG
6282;LIM;MDE
6283;LAS;MDE
6284;KIN;MDE
6285;HAV;BOG
6286;HAV;MDE
6287;GYE;BOG
6288;GYE;MDE
6289;GUA;MDE
6290;GDL;MDE
6291;GEO;MDE
6292;EZE;MDE
6293;DAV;MDE
6294;CUR;MDE
6295;COR;MDE
6296;CTG;ADZ
6297;CTG;BOG
6298;CTG;MDE
6299;CTG;BLB
6300;CCS;BOG
6301;CCS;MDE
6302;CUN;MDE
6303;CLO;BOG
6304;CLO;BLB
6305;BGA;BOG
6306;BSB;MDE
6307;BOG;AUA
6308;BOG;ADZ
6309;BOG;AXM
6310;BOG;BAQ
6311;BOG;BGA
6312;BOG;CLO
6313;BOG;CTG
6314;BOG;MDE
6315;BOG;PEI
6316;BOG;SMR
6317;BOG;SJO
6318;BOG;HAV
6319;BOG;GYE
6320;BOG;UIO
6321;BOG;BLB
6322;BOG;LIM
6323;BOG;PUJ
6324;BOG;SDQ
6325;BOG;CCS
6326;CNF;MDE
6327;BAQ;ADZ
6328;BAQ;BOG
6329;BAQ;BLB
6330;BLB;BAQ
6331;BLB;BOG
6332;BLB;CLO
6333;BLB;CTG
6334;BLB;MDE
6335;ASU;MDE
6336;AUA;BOG
6337;AUA;MDE
6338;AXM;BOG
6339;VUP;EOH
6340;TCO;PPN
6341;MDE;EOH
6342;OTU;EOH
6343;OTU;MDE
6344;OTU;PPN
6345;UIB;EOH
6346;UIB;NQU
6347;PPN;CUC
6348;PPN;EOH
6349;PSO;EOH
6350;NQU;EOH
6351;NQU;UIB
6352;MTR;EOH
6353;EOH;BAQ
6354;EOH;BGA
6355;EOH;CLO
6356;EOH;EJA
6357;EOH;EOH
6358;EOH;GYM
6359;EOH;MTR
6360;EOH;NQU
6361;EOH;OTU
6362;EOH;TCO
6363;EOH;UIB
6364;EOH;VUP
6365;CUC;CLO
6366;GYM;EOH
6367;CLO;EOH
6368;CLO;PSO
6369;BGA;EOH
6370;BGA;VUP
6371;BAQ;EOH
6372;EJA;BGA
6373;VSA;BOG
6374;VSA;MDE
6375;YVR;BOG
6376;YVR;MDE
6377;TRC;BOG
6378;TRC;MDE
6379;YYZ;BOG
6380;YYZ;MDE
6381;NRT;BOG
6382;NRT;MDE
6383;TIJ;BOG
6384;TIJ;MDE
6385;TAM;BOG
6386;TAM;MDE
6387;SEA;BOG
6388;SEA;MDE
6389;GRU;BOG
6390;SJD;BOG
6391;SJD;MDE
6392;SFO;BOG
6393;SAT;BOG
6394;FCO;BOG
6395;MDE;YUL
6396;MDE;YVR
6397;MDE;YYZ
6398;MDE;AGU
6399;MDE;CEN
6400;MDE;CPE
6401;MDE;LAP
6402;MDE;TAP
6403;MDE;MAD
6404;MDE;DFW
6405;MDE;IAH
6406;MDE;JFK
6407;MDE;LAS
6408;MDE;LAX
6409;MDE;MIA
6410;MDE;SAT
6411;MDE;SEA
6412;MDE;SFO
6413;MDE;CDG
6414;MDE;GUA
6415;MDE;AMS
6416;MDE;NRT
6417;MDE;ACA
6418;MDE;BJX
6419;MDE;CUL
6420;MDE;CUN
6421;MDE;CUU
6422;MDE;CZM
6423;MDE;GDL
6424;MDE;MEX
6425;MDE;MID
6426;MDE;MTY
6427;MDE;OAX
6428;MDE;SJD
6429;MDE;TAM
6430;MDE;TIJ
6431;MDE;TRC
6432;MDE;VSA
6433;MDE;PVR
6434;UIO;BOG
6435;PVR;BOG
6436;PVR;MDE
6437;LAP;BOG
6438;LAP;MDE
6439;OAX;BOG
6440;OAX;MDE
6441;JFK;BOG
6442;JFK;MDE
6443;YUL;BOG
6444;YUL;MDE
6445;MTY;BOG
6446;MTY;MDE
6447;MTT;BOG
6448;MIA;BOG
6449;MIA;MDE
6450;MEX;BOG
6451;MEX;MDE
6452;MID;BOG
6453;MID;MDE
6454;MGA;BOG
6455;MAD;BOG
6456;MAD;MDE
6457;LAX;BOG
6458;LAX;MDE
6459;LHR;BOG
6460;LIM;BOG
6461;TAP;BOG
6462;TAP;MDE
6463;BJX;BOG
6464;BJX;MDE
6465;LAS;BOG
6466;IAH;BOG
6467;IAH;MDE
6468;HAV;BOG
6469;GUA;BOG
6470;GDL;BOG
6471;GDL;MDE
6472;EZE;BOG
6473;DXB;MDE
6474;CUL;BOG
6475;CUL;MDE
6476;CZM;BOG
6477;CZM;MDE
6478;CUU;BOG
6479;CUU;MDE
6480;ORD;BOG
6481;CUN;BOG
6482;CUN;MDE
6483;BOG;EZE
6484;BOG;GRU
6485;BOG;YUL
6486;BOG;YVR
6487;BOG;YYZ
6488;BOG;AGU
6489;BOG;CEN
6490;BOG;CPE
6491;BOG;LAP
6492;BOG;MTT
6493;BOG;TAP
6494;CEN;BOG
6495;CEN;MDE
6496;BOG;HAV
6497;BOG;MAD
6498;BOG;ATL
6499;BOG;AUS
6500;BOG;DTW
6501;BOG;IAD
6502;BOG;IAH
6503;BOG;JFK
6504;BOG;LAS
6505;BOG;LAX
6506;BOG;ORD
6507;BOG;SAT
6508;BOG;SEA
6509;BOG;SFO
6510;BOG;CDG
6511;BOG;GUA
6512;BOG;AMS
6513;BOG;SAP
6514;BOG;LHR
6515;BOG;FCO
6516;BOG;NRT
6517;BOG;ACA
6518;BOG;BJX
6519;BOG;CUL
6520;BOG;CUN
6521;BOG;CUU
6522;BOG;CZM
6523;BOG;GDL
6524;BOG;MEX
6525;BOG;MID
6526;BOG;MTY
6527;BOG;OAX
6528;BOG;SJD
6529;BOG;TAM
6530;BOG;TIJ
6531;BOG;TRC
6532;BOG;VSA
6533;BOG;PVR
6534;BOG;MGA
6535;BOG;SDQ
6536;ATL;BOG
6537;CPE;BOG
6538;CPE;MDE
6539;AMS;BOG
6540;AGU;BOG
6541;AGU;MDE
6542;ACA;BOG
6543;ACA;MDE
6544;9AJ;MVP
6545;MDR;MVP
6546;MFR;MVP
6547;MGO;MVP
6548;MIB;MVP
6549;MIT;MVP
6550;MTI;MVP
6551;MTN;MVP
6552;MTS;MVP
6553;MVP;9AJ
6554;MVP;A01
6555;MVP;MDR
6556;MVP;MFR
6557;MVP;MGO
6558;MVP;MIB
6559;MVP;MIT
6560;MVP;MTI
6561;MVP;MTN
6562;MVP;MTS
6563;MVP;MVP
6564;MVP;MVU
6565;MVP;MYA
6566;MVU;MVP
6567;MYA;MVP
6568;A01;MVP
6569;VVC;7GS
6570;VVC;7IV
6571;VVC;9DE
6572;VVC;9DI
6573;VVC;9LQ
6574;VVC;A06
6575;VVC;BMG
6576;VVC;CRU
6577;VVC;LMC
6578;VVC;LQM
6579;VVC;MAP
6580;VVC;MVP
6581;VVC;PCA
6582;VVC;PCE
6583;VVC;PCR
6584;VVC;PIM
6585;VVC;PUU
6586;VVC;SJE
6587;VVC;SRO
6588;VVN;VVC
6589;TAR;LPD
6590;SRO;PIM
6591;SRO;VVC
6592;SVI;VVC
6593;SJE;TAP
6594;SJE;TAR
6595;9DI;PID
6596;LQM;SVI
6597;LQM;VVC
6598;A09;MVP
6599;A09;VVC
6600;PID;VVC
6601;9LQ;PIM
6602;PCE;PIM
6603;PCE;VVC
6604;PCR;VVC
6605;PUU;LQM
6606;PCA;MIT
6607;PCA;MPI
6608;MIT;MVP
6609;MPI;A09
6610;MVP;MPI
6611;MVP;VVC
6612;MAP;LMC
6613;MAP;VVC
6614;TAP;MVP
6615;7IV;SRO
6616;9DE;VVC
6617;PIM;9DE
6618;PIM;PCE
6619;PIM;SRO
6620;PIM;VVC
6621;LPD;MVP
6622;LMC;MAP
6623;LMC;VVC
6624;LCH;VVC
6625;BMG;PCE
6626;BMG;PIM
6627;BMG;VVC
6628;BMG;VVN
6629;A06;LCH
6630;7GS;PIM
6631;CRU;MVP
6632;CRU;VVC
6633;TUC;BOG
6634;REL;BOG
6635;SCL;BOG
6636;SFN;BOG
6637;LUQ;BOG
6638;UAQ;BOG
6639;SLA;BOG
6640;ROS;BOG
6641;RGA;BOG
6642;RES;BOG
6643;PDP;BOG
6644;PSS;BOG
6645;PRA;BOG
6646;NQN;BOG
6647;MVD;BOG
6648;MDZ;BOG
6649;MDQ;BOG
6650;JUJ;BOG
6651;IGR;BOG
6652;FTE;BOG
6653;COR;BOG
6654;CRD;BOG
6655;CTC;BOG
6656;AEP;BOG
6657;BOG;AEP
6658;BOG;BHI
6659;BOG;BRC
6660;BOG;CNQ
6661;BOG;COR
6662;BOG;CRD
6663;BOG;CTC
6664;BOG;EQS
6665;BOG;IGR
6666;BOG;JUJ
6667;BOG;LUQ
6668;BOG;MDQ
6669;BOG;MDZ
6670;BOG;NQN
6671;BOG;PSS
6672;BOG;REL
6673;BOG;RES
6674;BOG;ROS
6675;BOG;SFN
6676;BOG;SLA
6677;BOG;TUC
6678;BOG;UAQ
6679;BOG;FLN
6680;BOG;GIG
6681;BOG;SCL
6682;BOG;FTE
6683;BOG;PRA
6684;BOG;ASU
6685;BOG;MVD
6686;BOG;PDP
6687;BRC;BOG
6688;BHI;BOG
6689;ASU;BOG
6690;VVI;BOG
6691;MDE;BOG
6692;MDE;SCY
6693;MDE;CUE
6694;MDE;GYE
6695;MDE;MEC
6696;MDE;UIO
6697;UIO;BOG
6698;UIO;MDE
6699;PTY;BOG
6700;JFK;BOG
6701;MEC;BOG
6702;MEC;MDE
6703;GYE;BOG
6704;GYE;MDE
6705;SCY;BOG
6706;SCY;MDE
6707;CUR;BOG
6708;CUE;BOG
6709;CUE;MDE
6710;BOG;AUA
6711;BOG;CUR
6712;BOG;VVI
6713;BOG;MDE
6714;BOG;CUE
6715;BOG;GYE
6716;BOG;MEC
6717;BOG;UIO
6718;BOG;JFK
6719;BOG;PTY
6720;AUA;BOG
6721;VVC;LMC
6722;VVC;LPR
6723;VVC;MAP
6724;VVC;PCE
6725;VVC;PIM
6726;PCE;PIM
6727;PCE;VVC
6728;MAP;LMC
6729;MAP;VVC
6730;LPR;VVC
6731;PIM;PCE
6732;PIM;VVC
6733;LMC;VVC
6734;MTY;BOG
6735;MEX;BOG
6736;GDL;BOG
6737;CUN;BOG
6738;BOG;CUN
6739;BOG;GDL
6740;BOG;MEX
6741;BOG;MTY
6742;GYM;BGA
6743;BGA;GYM
6744;VVI;BOG
6745;VVC;BOG
6746;ACR;SJE
6747;SJE;LCH
6748;SJE;MVP
6749;MDE;BOG
6750;UIO;BOG
6751;PTY;BOG
6752;MVP;SJE
6753;MIA;BOG
6754;LIM;BOG
6755;LET;BOG
6756;LCH;ACR
6757;IQT;BOG
6758;IQT;LET
6759;CUR;BOG
6760;CUC;BOG
6761;CTG;BOG
6762;CCS;BOG
6763;CLO;VVC
6764;BOG;CUR
6765;BOG;BAQ
6766;BOG;CLO
6767;BOG;CUC
6768;BOG;MDE
6769;BOG;LET
6770;BOG;SJO
6771;BOG;UIO
6772;BOG;MIA
6773;BOG;LIM
6774;BOG;CCS
6775;BAQ;BOG
6776;MIA;BOG
6777;BOG;MIA
6778;CPQ;BOG
6779;MDE;MIA
6780;BOG;MIA
6781;TIJ;BOG
6782;SJD;BOG
6783;MTY;BOG
6784;MEX;BOG
6785;MID;BOG
6786;LAX;BOG
6787;TAP;BOG
6788;IAH;BOG
6789;GDL;BOG
6790;CUL;BOG
6791;CUU;BOG
6792;CUN;BOG
6793;CUN;BOG
6794;BOG;TAP
6795;BOG;SJO
6796;BOG;GUA
6797;BOG;CUN
6798;BOG;CUN
6799;BOG;GDL
6800;BOG;MEX
6801;BOG;MID
6802;BOG;MTY
6803;BOG;SJD
6804;BOG;TIJ
6805;BOG;PVR
